Stationsnamn;Klimatnummer;Mäthöjd (meter över marken)
Stockholm-Bromma Flygplats;97200;0.0

Parameternamn;Beskrivning;Enhet
Lufttryck reducerat havsytans nivå;vid havsytans nivå, momentanvärde, 1 gång/tim;hectopascal

Tidsperiod (fr.o.m);Tidsperiod (t.o.m);Höjd (meter över havet);Latitud (decimalgrader);Longitud (decimalgrader)
1939-01-01 00:00:00;2022-04-19 06:00:00;14.0;59.3537;17.9513

Datum;Tid (UTC);Lufttryck reducerat havsytans nivå;Kvalitet;;Tidsutsnitt:
2021-12-10;01:00:00;1009.4;G;;Data från senaste fyra månaderna
2021-12-10;02:00:00;1008.8;G;;Tidsperiod (fr.o.m.) = 2021-12-10 00:00:01 (UTC)
2021-12-10;03:00:00;1008.3;G;;Tidsperiod (t.o.m.) = 2022-04-19 06:00:00 (UTC)
2021-12-10;04:00:00;1007.8;G;;Samplingstid = Ej angivet
2021-12-10;05:00:00;1007.5;G;;
2021-12-10;06:00:00;1007.1;G;;Kvalitetskoderna:
2021-12-10;07:00:00;1007.0;G;;Grön (G) = Kontrollerade och godkända värden.
2021-12-10;08:00:00;1006.9;G;;Gul (Y) = Misstänkta eller aggregerade värden. Grovt kontrollerade arkivdata och okontrollerade realtidsdata (senaste 2 tim).
2021-12-10;09:00:00;1007.0;G;;
2021-12-10;10:00:00;1006.7;G;;Orsaker till saknade data:
2021-12-10;11:00:00;1006.4;G;;  stationen eller givaren har varit ur funktion.
2021-12-10;12:00:00;1006.0;G
2021-12-10;13:00:00;1005.7;G
2021-12-10;14:00:00;1005.5;G
2021-12-10;15:00:00;1005.6;G
2021-12-10;16:00:00;1005.9;G
2021-12-10;17:00:00;1006.2;G
2021-12-10;18:00:00;1006.7;G
2021-12-10;19:00:00;1007.0;G
2021-12-10;20:00:00;1007.2;G
2021-12-10;21:00:00;1007.8;G
2021-12-10;22:00:00;1007.9;G
2021-12-10;23:00:00;1008.0;G
2021-12-11;00:00:00;1008.3;G
2021-12-11;01:00:00;1008.4;G
2021-12-11;02:00:00;1008.5;G
2021-12-11;03:00:00;1008.6;G
2021-12-11;04:00:00;1008.6;G
2021-12-11;05:00:00;1008.9;G
2021-12-11;06:00:00;1009.1;G
2021-12-11;07:00:00;1009.5;G
2021-12-11;08:00:00;1009.8;G
2021-12-11;09:00:00;1010.8;G
2021-12-11;10:00:00;1010.7;G
2021-12-11;11:00:00;1011.1;G
2021-12-11;12:00:00;1011.5;G
2021-12-11;13:00:00;1012.3;G
2021-12-11;14:00:00;1012.8;G
2021-12-11;15:00:00;1013.4;G
2021-12-11;16:00:00;1014.0;G
2021-12-11;17:00:00;1014.5;G
2021-12-11;18:00:00;1015.2;G
2021-12-11;19:00:00;1015.6;G
2021-12-11;20:00:00;1016.3;G
2021-12-11;21:00:00;1016.6;G
2021-12-11;22:00:00;1017.1;G
2021-12-11;23:00:00;1017.3;G
2021-12-12;00:00:00;1017.5;G
2021-12-12;01:00:00;1017.7;G
2021-12-12;02:00:00;1017.8;G
2021-12-12;03:00:00;1018.1;G
2021-12-12;04:00:00;1018.3;G
2021-12-12;05:00:00;1018.2;G
2021-12-12;06:00:00;1018.1;G
2021-12-12;07:00:00;1018.4;G
2021-12-12;08:00:00;1018.8;G
2021-12-12;09:00:00;1018.6;G
2021-12-12;10:00:00;1018.6;G
2021-12-12;11:00:00;1018.5;G
2021-12-12;12:00:00;1018.7;G
2021-12-12;13:00:00;1018.7;G
2021-12-12;14:00:00;1018.9;G
2021-12-12;15:00:00;1019.0;G
2021-12-12;16:00:00;1019.0;G
2021-12-12;17:00:00;1018.9;G
2021-12-12;18:00:00;1019.5;G
2021-12-12;19:00:00;1019.9;G
2021-12-12;20:00:00;1020.1;G
2021-12-12;21:00:00;1020.3;G
2021-12-12;22:00:00;1020.7;G
2021-12-12;23:00:00;1021.0;G
2021-12-13;00:00:00;1021.0;G
2021-12-13;01:00:00;1021.4;G
2021-12-13;02:00:00;1021.2;G
2021-12-13;03:00:00;1021.0;G
2021-12-13;04:00:00;1021.3;G
2021-12-13;05:00:00;1021.2;G
2021-12-13;06:00:00;1021.2;G
2021-12-13;07:00:00;1021.3;G
2021-12-13;08:00:00;1022.0;G
2021-12-13;09:00:00;1022.2;G
2021-12-13;10:00:00;1021.9;G
2021-12-13;11:00:00;1021.8;G
2021-12-13;12:00:00;1021.4;G
2021-12-13;13:00:00;1020.9;G
2021-12-13;14:00:00;1021.1;G
2021-12-13;15:00:00;1020.6;G
2021-12-13;16:00:00;1020.2;G
2021-12-13;17:00:00;1019.9;G
2021-12-13;18:00:00;1019.6;G
2021-12-13;19:00:00;1019.0;G
2021-12-13;20:00:00;1018.3;G
2021-12-13;21:00:00;1018.0;G
2021-12-13;22:00:00;1017.1;G
2021-12-13;23:00:00;1016.3;G
2021-12-14;00:00:00;1015.8;G
2021-12-14;01:00:00;1015.3;G
2021-12-14;02:00:00;1014.6;G
2021-12-14;03:00:00;1013.9;G
2021-12-14;04:00:00;1013.6;G
2021-12-14;05:00:00;1013.3;G
2021-12-14;06:00:00;1012.9;G
2021-12-14;07:00:00;1013.1;G
2021-12-14;08:00:00;1013.2;G
2021-12-14;09:00:00;1013.2;G
2021-12-14;10:00:00;1013.6;G
2021-12-14;11:00:00;1013.5;G
2021-12-14;12:00:00;1013.8;G
2021-12-14;13:00:00;1013.7;G
2021-12-14;14:00:00;1013.9;G
2021-12-14;15:00:00;1014.3;G
2021-12-14;16:00:00;1014.6;G
2021-12-14;17:00:00;1014.9;G
2021-12-14;18:00:00;1015.3;G
2021-12-14;19:00:00;1014.8;G
2021-12-14;20:00:00;1014.5;G
2021-12-14;21:00:00;1014.7;G
2021-12-14;22:00:00;1014.7;G
2021-12-14;23:00:00;1014.2;G
2021-12-15;00:00:00;1013.5;G
2021-12-15;01:00:00;1013.2;G
2021-12-15;02:00:00;1012.7;G
2021-12-15;03:00:00;1011.8;G
2021-12-15;04:00:00;1011.6;G
2021-12-15;05:00:00;1011.2;G
2021-12-15;06:00:00;1010.4;G
2021-12-15;07:00:00;1010.5;G
2021-12-15;08:00:00;1010.1;G
2021-12-15;09:00:00;1010.3;G
2021-12-15;10:00:00;1009.8;G
2021-12-15;11:00:00;1009.8;G
2021-12-15;12:00:00;1009.5;G
2021-12-15;13:00:00;1009.9;G
2021-12-15;14:00:00;1010.2;G
2021-12-15;15:00:00;1011.0;G
2021-12-15;16:00:00;1011.3;G
2021-12-15;17:00:00;1011.5;G
2021-12-15;18:00:00;1011.6;G
2021-12-15;19:00:00;1011.3;G
2021-12-15;20:00:00;1010.8;G
2021-12-15;21:00:00;1010.5;G
2021-12-15;22:00:00;1010.3;G
2021-12-15;23:00:00;1010.1;G
2021-12-16;00:00:00;1010.2;G
2021-12-16;01:00:00;1010.6;G
2021-12-16;02:00:00;1011.3;G
2021-12-16;03:00:00;1011.9;G
2021-12-16;04:00:00;1012.7;G
2021-12-16;05:00:00;1012.6;G
2021-12-16;06:00:00;1013.4;G
2021-12-16;07:00:00;1014.7;G
2021-12-16;08:00:00;1015.3;G
2021-12-16;09:00:00;1016.0;G
2021-12-16;10:00:00;1016.1;G
2021-12-16;11:00:00;1017.0;G
2021-12-16;12:00:00;1017.7;G
2021-12-16;13:00:00;1018.2;G
2021-12-16;14:00:00;1019.2;G
2021-12-16;15:00:00;1019.8;G
2021-12-16;16:00:00;1020.6;G
2021-12-16;17:00:00;1021.2;G
2021-12-16;18:00:00;1021.9;G
2021-12-16;19:00:00;1022.3;G
2021-12-16;20:00:00;1022.7;G
2021-12-16;21:00:00;1023.3;G
2021-12-16;22:00:00;1023.8;G
2021-12-16;23:00:00;1024.2;G
2021-12-17;00:00:00;1024.9;G
2021-12-17;01:00:00;1025.3;G
2021-12-17;02:00:00;1026.1;G
2021-12-17;03:00:00;1026.3;G
2021-12-17;04:00:00;1026.8;G
2021-12-17;05:00:00;1026.9;G
2021-12-17;06:00:00;1027.5;G
2021-12-17;07:00:00;1028.0;G
2021-12-17;08:00:00;1028.7;G
2021-12-17;09:00:00;1028.8;G
2021-12-17;10:00:00;1028.9;G
2021-12-17;11:00:00;1029.6;G
2021-12-17;12:00:00;1029.5;G
2021-12-17;13:00:00;1029.3;G
2021-12-17;14:00:00;1029.7;G
2021-12-17;15:00:00;1030.1;G
2021-12-17;16:00:00;1029.9;G
2021-12-17;17:00:00;1029.8;G
2021-12-17;18:00:00;1029.3;G
2021-12-17;19:00:00;1029.0;G
2021-12-17;20:00:00;1029.0;G
2021-12-17;21:00:00;1028.1;G
2021-12-17;22:00:00;1027.8;G
2021-12-17;23:00:00;1026.9;G
2021-12-18;00:00:00;1026.5;G
2021-12-18;01:00:00;1025.9;G
2021-12-18;02:00:00;1025.8;G
2021-12-18;03:00:00;1025.0;G
2021-12-18;04:00:00;1024.3;G
2021-12-18;05:00:00;1023.6;G
2021-12-18;06:00:00;1023.1;G
2021-12-18;07:00:00;1022.9;G
2021-12-18;08:00:00;1022.4;G
2021-12-18;09:00:00;1021.8;G
2021-12-18;10:00:00;1021.4;G
2021-12-18;11:00:00;1020.8;G
2021-12-18;12:00:00;1019.7;G
2021-12-18;13:00:00;1018.7;G
2021-12-18;14:00:00;1018.1;G
2021-12-18;15:00:00;1017.2;G
2021-12-18;16:00:00;1015.9;G
2021-12-18;17:00:00;1015.1;G
2021-12-18;18:00:00;1014.0;G
2021-12-18;19:00:00;1012.9;G
2021-12-18;20:00:00;1012.2;G
2021-12-18;21:00:00;1011.4;G
2021-12-18;22:00:00;1011.3;G
2021-12-18;23:00:00;1011.2;G
2021-12-19;00:00:00;1011.5;G
2021-12-19;01:00:00;1011.6;G
2021-12-19;02:00:00;1010.7;G
2021-12-19;03:00:00;1009.8;G
2021-12-19;04:00:00;1009.2;G
2021-12-19;05:00:00;1008.9;G
2021-12-19;06:00:00;1009.1;G
2021-12-19;07:00:00;1009.4;G
2021-12-19;08:00:00;1009.6;G
2021-12-19;09:00:00;1009.9;G
2021-12-19;10:00:00;1009.8;G
2021-12-19;11:00:00;1009.6;G
2021-12-19;12:00:00;1009.7;G
2021-12-19;13:00:00;1009.5;G
2021-12-19;14:00:00;1009.5;G
2021-12-19;15:00:00;1009.5;G
2021-12-19;16:00:00;1009.6;G
2021-12-19;17:00:00;1010.3;G
2021-12-19;18:00:00;1011.3;G
2021-12-19;19:00:00;1012.3;G
2021-12-19;20:00:00;1013.6;G
2021-12-19;21:00:00;1014.6;G
2021-12-19;22:00:00;1015.8;G
2021-12-19;23:00:00;1016.6;G
2021-12-20;00:00:00;1017.4;G
2021-12-20;01:00:00;1018.4;G
2021-12-20;02:00:00;1019.3;G
2021-12-20;03:00:00;1019.7;G
2021-12-20;04:00:00;1020.1;G
2021-12-20;05:00:00;1020.6;G
2021-12-20;06:00:00;1021.1;G
2021-12-20;07:00:00;1021.8;G
2021-12-20;08:00:00;1022.5;G
2021-12-20;09:00:00;1023.1;G
2021-12-20;10:00:00;1023.7;G
2021-12-20;11:00:00;1024.0;G
2021-12-20;12:00:00;1024.2;G
2021-12-20;13:00:00;1024.6;G
2021-12-20;14:00:00;1024.9;G
2021-12-20;15:00:00;1025.2;G
2021-12-20;16:00:00;1025.5;G
2021-12-20;17:00:00;1025.5;G
2021-12-20;18:00:00;1025.6;G
2021-12-20;19:00:00;1025.7;G
2021-12-20;20:00:00;1025.9;G
2021-12-20;21:00:00;1025.7;G
2021-12-20;22:00:00;1025.2;G
2021-12-20;23:00:00;1024.7;G
2021-12-21;00:00:00;1024.5;G
2021-12-21;01:00:00;1024.1;G
2021-12-21;02:00:00;1024.3;G
2021-12-21;03:00:00;1024.0;G
2021-12-21;04:00:00;1024.1;G
2021-12-21;05:00:00;1024.0;G
2021-12-21;06:00:00;1024.0;G
2021-12-21;07:00:00;1024.2;G
2021-12-21;08:00:00;1024.4;G
2021-12-21;09:00:00;1024.6;G
2021-12-21;10:00:00;1024.6;G
2021-12-21;11:00:00;1024.6;G
2021-12-21;12:00:00;1024.8;G
2021-12-21;13:00:00;1024.9;G
2021-12-21;14:00:00;1025.1;G
2021-12-21;15:00:00;1025.4;G
2021-12-21;16:00:00;1025.6;G
2021-12-21;17:00:00;1025.9;G
2021-12-21;18:00:00;1026.1;G
2021-12-21;19:00:00;1026.2;G
2021-12-21;20:00:00;1026.4;G
2021-12-21;21:00:00;1026.5;G
2021-12-21;22:00:00;1026.8;G
2021-12-21;23:00:00;1026.8;G
2021-12-22;00:00:00;1027.0;G
2021-12-22;01:00:00;1027.2;G
2021-12-22;02:00:00;1027.0;G
2021-12-22;03:00:00;1027.3;G
2021-12-22;04:00:00;1027.1;G
2021-12-22;05:00:00;1027.0;G
2021-12-22;06:00:00;1027.1;G
2021-12-22;07:00:00;1027.1;G
2021-12-22;08:00:00;1027.1;G
2021-12-22;09:00:00;1027.0;G
2021-12-22;10:00:00;1026.7;G
2021-12-22;11:00:00;1026.2;G
2021-12-22;12:00:00;1025.9;G
2021-12-22;13:00:00;1025.4;G
2021-12-22;14:00:00;1024.9;G
2021-12-22;15:00:00;1024.4;G
2021-12-22;16:00:00;1023.5;G
2021-12-22;17:00:00;1022.8;G
2021-12-22;18:00:00;1022.4;G
2021-12-22;19:00:00;1021.5;G
2021-12-22;20:00:00;1020.5;G
2021-12-22;21:00:00;1019.9;G
2021-12-22;22:00:00;1019.1;G
2021-12-22;23:00:00;1018.2;G
2021-12-23;00:00:00;1017.1;G
2021-12-23;01:00:00;1016.2;G
2021-12-23;02:00:00;1014.9;G
2021-12-23;03:00:00;1014.0;G
2021-12-23;04:00:00;1012.4;G
2021-12-23;05:00:00;1011.2;G
2021-12-23;06:00:00;1010.2;G
2021-12-23;07:00:00;1009.1;G
2021-12-23;08:00:00;1008.3;G
2021-12-23;09:00:00;1007.1;G
2021-12-23;10:00:00;1006.2;G
2021-12-23;11:00:00;1004.7;G
2021-12-23;12:00:00;1003.2;G
2021-12-23;13:00:00;1002.1;G
2021-12-23;14:00:00;1001.0;G
2021-12-23;15:00:00;999.6;G
2021-12-23;16:00:00;998.3;G
2021-12-23;17:00:00;997.4;G
2021-12-23;18:00:00;995.9;G
2021-12-23;19:00:00;995.3;G
2021-12-23;20:00:00;994.7;G
2021-12-23;21:00:00;994.6;G
2021-12-23;22:00:00;994.1;G
2021-12-23;23:00:00;993.8;G
2021-12-24;00:00:00;993.9;G
2021-12-24;01:00:00;994.5;G
2021-12-24;02:00:00;995.0;G
2021-12-24;03:00:00;995.2;G
2021-12-24;04:00:00;995.8;G
2021-12-24;05:00:00;996.4;G
2021-12-24;06:00:00;996.4;G
2021-12-24;07:00:00;996.4;G
2021-12-24;08:00:00;996.4;G
2021-12-24;09:00:00;996.2;G
2021-12-24;10:00:00;996.1;G
2021-12-24;11:00:00;995.7;G
2021-12-24;12:00:00;995.7;G
2021-12-24;13:00:00;995.8;G
2021-12-24;14:00:00;996.0;G
2021-12-24;15:00:00;996.3;G
2021-12-24;16:00:00;996.3;G
2021-12-24;17:00:00;996.7;G
2021-12-24;18:00:00;996.9;G
2021-12-24;19:00:00;997.0;G
2021-12-24;20:00:00;997.5;G
2021-12-24;21:00:00;997.8;G
2021-12-24;22:00:00;998.2;G
2021-12-24;23:00:00;998.6;G
2021-12-25;00:00:00;999.2;G
2021-12-25;01:00:00;999.7;G
2021-12-25;02:00:00;1000.1;G
2021-12-25;03:00:00;1000.5;G
2021-12-25;04:00:00;1000.5;G
2021-12-25;05:00:00;1000.3;G
2021-12-25;06:00:00;1000.1;G
2021-12-25;07:00:00;1000.0;G
2021-12-25;08:00:00;999.9;G
2021-12-25;09:00:00;999.8;G
2021-12-25;10:00:00;999.5;G
2021-12-25;11:00:00;999.0;G
2021-12-25;12:00:00;998.7;G
2021-12-25;13:00:00;998.9;G
2021-12-25;14:00:00;999.1;G
2021-12-25;15:00:00;999.3;G
2021-12-25;16:00:00;999.7;G
2021-12-25;17:00:00;999.8;G
2021-12-25;18:00:00;1000.2;G
2021-12-25;19:00:00;1000.2;G
2021-12-25;20:00:00;1000.4;G
2021-12-25;21:00:00;1000.8;G
2021-12-25;22:00:00;1001.1;G
2021-12-25;23:00:00;1001.7;G
2021-12-26;00:00:00;1002.5;G
2021-12-26;01:00:00;1003.2;G
2021-12-26;02:00:00;1004.0;G
2021-12-26;03:00:00;1004.8;G
2021-12-26;04:00:00;1005.7;G
2021-12-26;05:00:00;1006.3;G
2021-12-26;06:00:00;1006.8;G
2021-12-26;07:00:00;1007.4;G
2021-12-26;08:00:00;1008.0;G
2021-12-26;09:00:00;1008.5;G
2021-12-26;10:00:00;1009.0;G
2021-12-26;11:00:00;1008.9;G
2021-12-26;12:00:00;1009.1;G
2021-12-26;13:00:00;1009.4;G
2021-12-26;14:00:00;1009.4;G
2021-12-26;15:00:00;1010.0;G
2021-12-26;16:00:00;1010.2;G
2021-12-26;17:00:00;1010.3;G
2021-12-26;18:00:00;1010.2;G
2021-12-26;19:00:00;1010.3;G
2021-12-26;20:00:00;1010.5;G
2021-12-26;21:00:00;1010.6;G
2021-12-26;22:00:00;1010.2;G
2021-12-26;23:00:00;1010.2;G
2021-12-27;00:00:00;1009.9;G
2021-12-27;01:00:00;1009.9;G
2021-12-27;02:00:00;1010.0;G
2021-12-27;03:00:00;1010.4;G
2021-12-27;04:00:00;1010.6;G
2021-12-27;05:00:00;1010.9;G
2021-12-27;06:00:00;1010.9;G
2021-12-27;07:00:00;1011.3;G
2021-12-27;08:00:00;1011.8;G
2021-12-27;09:00:00;1012.1;G
2021-12-27;10:00:00;1012.8;G
2021-12-27;11:00:00;1013.0;G
2021-12-27;12:00:00;1013.3;G
2021-12-27;13:00:00;1013.3;G
2021-12-27;14:00:00;1013.6;G
2021-12-27;15:00:00;1013.7;G
2021-12-27;16:00:00;1014.0;G
2021-12-27;17:00:00;1014.2;G
2021-12-27;18:00:00;1014.1;G
2021-12-27;19:00:00;1014.3;G
2021-12-27;20:00:00;1014.4;G
2021-12-27;21:00:00;1014.5;G
2021-12-27;22:00:00;1014.6;G
2021-12-27;23:00:00;1013.8;G
2021-12-28;00:00:00;1013.3;G
2021-12-28;01:00:00;1013.1;G
2021-12-28;02:00:00;1012.5;G
2021-12-28;03:00:00;1012.0;G
2021-12-28;04:00:00;1011.2;G
2021-12-28;05:00:00;1010.6;G
2021-12-28;06:00:00;1010.2;G
2021-12-28;07:00:00;1009.4;G
2021-12-28;08:00:00;1009.1;G
2021-12-28;09:00:00;1008.3;G
2021-12-28;10:00:00;1007.4;G
2021-12-28;11:00:00;1006.6;G
2021-12-28;12:00:00;1006.3;G
2021-12-28;13:00:00;1005.5;G
2021-12-28;14:00:00;1004.9;G
2021-12-28;15:00:00;1004.2;G
2021-12-28;16:00:00;1003.7;G
2021-12-28;17:00:00;1003.2;G
2021-12-28;18:00:00;1003.0;G
2021-12-28;19:00:00;1002.9;G
2021-12-28;20:00:00;1002.5;G
2021-12-28;21:00:00;1002.3;G
2021-12-28;22:00:00;1002.3;G
2021-12-28;23:00:00;1002.3;G
2021-12-29;00:00:00;1002.3;G
2021-12-29;01:00:00;1002.4;G
2021-12-29;02:00:00;1002.6;G
2021-12-29;03:00:00;1002.6;G
2021-12-29;04:00:00;1002.8;G
2021-12-29;05:00:00;1003.0;G
2021-12-29;06:00:00;1003.2;G
2021-12-29;07:00:00;1003.5;G
2021-12-29;08:00:00;1003.9;G
2021-12-29;09:00:00;1004.0;G
2021-12-29;10:00:00;1004.1;G
2021-12-29;11:00:00;1004.3;G
2021-12-29;12:00:00;1004.6;G
2021-12-29;13:00:00;1004.6;G
2021-12-29;14:00:00;1004.8;G
2021-12-29;15:00:00;1005.0;G
2021-12-29;16:00:00;1005.1;G
2021-12-29;17:00:00;1005.4;G
2021-12-29;18:00:00;1005.4;G
2021-12-29;19:00:00;1005.5;G
2021-12-29;20:00:00;1005.9;G
2021-12-29;21:00:00;1005.7;G
2021-12-29;22:00:00;1005.0;G
2021-12-29;23:00:00;1005.6;G
2021-12-30;00:00:00;1004.8;G
2021-12-30;01:00:00;1004.8;G
2021-12-30;02:00:00;1005.0;G
2021-12-30;03:00:00;1004.5;G
2021-12-30;04:00:00;1004.0;G
2021-12-30;05:00:00;1003.5;G
2021-12-30;06:00:00;1002.7;G
2021-12-30;07:00:00;1001.7;G
2021-12-30;08:00:00;1001.0;G
2021-12-30;09:00:00;1000.3;G
2021-12-30;10:00:00;999.3;G
2021-12-30;11:00:00;998.0;G
2021-12-30;12:00:00;997.5;G
2021-12-30;13:00:00;996.7;G
2021-12-30;14:00:00;996.0;G
2021-12-30;15:00:00;995.8;G
2021-12-30;16:00:00;995.3;G
2021-12-30;17:00:00;994.9;G
2021-12-30;18:00:00;994.7;G
2021-12-30;19:00:00;995.1;G
2021-12-30;20:00:00;995.6;G
2021-12-30;21:00:00;995.7;G
2021-12-30;22:00:00;996.1;G
2021-12-30;23:00:00;996.8;G
2021-12-31;00:00:00;997.4;G
2021-12-31;01:00:00;997.9;G
2021-12-31;02:00:00;998.3;G
2021-12-31;03:00:00;998.6;G
2021-12-31;04:00:00;999.2;G
2021-12-31;05:00:00;999.5;G
2021-12-31;06:00:00;999.6;G
2021-12-31;07:00:00;999.6;G
2021-12-31;08:00:00;999.7;G
2021-12-31;09:00:00;999.6;G
2021-12-31;10:00:00;999.6;G
2021-12-31;11:00:00;999.4;G
2021-12-31;12:00:00;999.1;G
2021-12-31;13:00:00;998.7;G
2021-12-31;14:00:00;998.8;G
2021-12-31;15:00:00;998.7;G
2021-12-31;16:00:00;999.3;G
2021-12-31;17:00:00;999.5;G
2021-12-31;18:00:00;1000.0;G
2021-12-31;19:00:00;1000.7;G
2021-12-31;20:00:00;1001.3;G
2021-12-31;21:00:00;1002.2;G
2021-12-31;22:00:00;1002.7;G
2021-12-31;23:00:00;1004.1;G
2022-01-01;00:00:00;1005.0;G
2022-01-01;01:00:00;1006.4;G
2022-01-01;02:00:00;1007.7;G
2022-01-01;03:00:00;1009.2;G
2022-01-01;04:00:00;1010.9;G
2022-01-01;05:00:00;1012.5;G
2022-01-01;06:00:00;1013.9;G
2022-01-01;07:00:00;1015.1;G
2022-01-01;08:00:00;1016.8;G
2022-01-01;09:00:00;1018.6;G
2022-01-01;10:00:00;1019.3;G
2022-01-01;11:00:00;1020.4;G
2022-01-01;12:00:00;1021.0;G
2022-01-01;13:00:00;1021.7;G
2022-01-01;14:00:00;1022.3;G
2022-01-01;15:00:00;1022.2;G
2022-01-01;16:00:00;1022.4;G
2022-01-01;17:00:00;1022.2;G
2022-01-01;18:00:00;1021.7;G
2022-01-01;19:00:00;1021.7;G
2022-01-01;20:00:00;1020.4;G
2022-01-01;21:00:00;1019.3;G
2022-01-01;22:00:00;1018.0;G
2022-01-01;23:00:00;1016.8;G
2022-01-02;00:00:00;1014.4;G
2022-01-02;01:00:00;1012.6;G
2022-01-02;02:00:00;1011.5;G
2022-01-02;03:00:00;1009.4;G
2022-01-02;04:00:00;1007.7;G
2022-01-02;05:00:00;1006.0;G
2022-01-02;06:00:00;1004.6;G
2022-01-02;07:00:00;1003.1;G
2022-01-02;08:00:00;1002.4;G
2022-01-02;09:00:00;1001.7;G
2022-01-02;10:00:00;1001.1;G
2022-01-02;11:00:00;1000.1;G
2022-01-02;12:00:00;998.9;G
2022-01-02;13:00:00;998.0;G
2022-01-02;14:00:00;997.4;G
2022-01-02;15:00:00;996.8;G
2022-01-02;16:00:00;996.3;G
2022-01-02;17:00:00;995.6;G
2022-01-02;18:00:00;994.7;G
2022-01-02;19:00:00;994.5;G
2022-01-02;20:00:00;994.0;G
2022-01-02;21:00:00;993.7;G
2022-01-02;22:00:00;993.6;G
2022-01-02;23:00:00;993.2;G
2022-01-03;00:00:00;993.0;G
2022-01-03;01:00:00;992.6;G
2022-01-03;02:00:00;992.3;G
2022-01-03;03:00:00;992.1;G
2022-01-03;04:00:00;991.9;G
2022-01-03;05:00:00;991.6;G
2022-01-03;06:00:00;991.5;G
2022-01-03;07:00:00;991.6;G
2022-01-03;08:00:00;991.9;G
2022-01-03;09:00:00;991.9;G
2022-01-03;10:00:00;991.8;G
2022-01-03;11:00:00;991.6;G
2022-01-03;12:00:00;991.1;G
2022-01-03;13:00:00;990.6;G
2022-01-03;14:00:00;990.5;G
2022-01-03;15:00:00;990.2;G
2022-01-03;16:00:00;989.8;G
2022-01-03;17:00:00;989.4;G
2022-01-03;18:00:00;988.8;G
2022-01-03;19:00:00;988.2;G
2022-01-03;20:00:00;987.5;G
2022-01-03;21:00:00;987.2;G
2022-01-03;22:00:00;986.7;G
2022-01-03;23:00:00;986.1;G
2022-01-04;00:00:00;985.3;G
2022-01-04;01:00:00;984.7;G
2022-01-04;02:00:00;984.3;G
2022-01-04;03:00:00;984.1;G
2022-01-04;04:00:00;984.3;G
2022-01-04;05:00:00;984.9;G
2022-01-04;06:00:00;985.1;G
2022-01-04;07:00:00;985.4;G
2022-01-04;08:00:00;985.4;G
2022-01-04;09:00:00;985.5;G
2022-01-04;10:00:00;985.8;G
2022-01-04;11:00:00;985.6;G
2022-01-04;12:00:00;985.1;G
2022-01-04;13:00:00;984.8;G
2022-01-04;14:00:00;984.8;G
2022-01-04;15:00:00;984.9;G
2022-01-04;16:00:00;984.7;G
2022-01-04;17:00:00;984.4;G
2022-01-04;18:00:00;984.2;G
2022-01-04;19:00:00;983.9;G
2022-01-04;20:00:00;983.9;G
2022-01-04;21:00:00;983.9;G
2022-01-04;22:00:00;983.5;G
2022-01-04;23:00:00;983.5;G
2022-01-05;00:00:00;983.1;G
2022-01-05;01:00:00;982.7;G
2022-01-05;02:00:00;982.6;G
2022-01-05;03:00:00;982.6;G
2022-01-05;04:00:00;982.5;G
2022-01-05;05:00:00;982.4;G
2022-01-05;06:00:00;982.3;G
2022-01-05;07:00:00;982.7;G
2022-01-05;08:00:00;983.0;G
2022-01-05;09:00:00;983.4;G
2022-01-05;10:00:00;983.9;G
2022-01-05;11:00:00;984.5;G
2022-01-05;12:00:00;985.0;G
2022-01-05;13:00:00;985.5;G
2022-01-05;14:00:00;986.1;G
2022-01-05;15:00:00;987.3;G
2022-01-05;16:00:00;988.5;G
2022-01-05;17:00:00;989.3;G
2022-01-05;18:00:00;990.4;G
2022-01-05;19:00:00;991.4;G
2022-01-05;20:00:00;992.6;G
2022-01-05;21:00:00;993.5;G
2022-01-05;22:00:00;994.4;G
2022-01-05;23:00:00;995.4;G
2022-01-06;00:00:00;996.4;G
2022-01-06;01:00:00;997.7;G
2022-01-06;02:00:00;998.8;G
2022-01-06;03:00:00;999.4;G
2022-01-06;04:00:00;1000.7;G
2022-01-06;05:00:00;1001.5;G
2022-01-06;06:00:00;1002.5;G
2022-01-06;07:00:00;1003.3;G
2022-01-06;08:00:00;1004.1;G
2022-01-06;09:00:00;1004.8;G
2022-01-06;10:00:00;1005.5;G
2022-01-06;11:00:00;1006.1;G
2022-01-06;12:00:00;1006.5;G
2022-01-06;13:00:00;1006.7;G
2022-01-06;14:00:00;1007.2;G
2022-01-06;15:00:00;1007.4;G
2022-01-06;16:00:00;1007.6;G
2022-01-06;17:00:00;1007.8;G
2022-01-06;18:00:00;1008.2;G
2022-01-06;19:00:00;1008.4;G
2022-01-06;20:00:00;1008.5;G
2022-01-06;21:00:00;1008.5;G
2022-01-06;22:00:00;1008.9;G
2022-01-06;23:00:00;1009.0;G
2022-01-07;00:00:00;1009.0;G
2022-01-07;01:00:00;1008.9;G
2022-01-07;02:00:00;1008.8;G
2022-01-07;03:00:00;1008.5;G
2022-01-07;04:00:00;1009.0;G
2022-01-07;05:00:00;1009.1;G
2022-01-07;06:00:00;1009.0;G
2022-01-07;07:00:00;1009.0;G
2022-01-07;08:00:00;1009.4;G
2022-01-07;09:00:00;1009.3;G
2022-01-07;10:00:00;1009.5;G
2022-01-07;11:00:00;1009.7;G
2022-01-07;12:00:00;1009.5;G
2022-01-07;13:00:00;1009.3;G
2022-01-07;14:00:00;1009.2;G
2022-01-07;15:00:00;1009.1;G
2022-01-07;16:00:00;1008.9;G
2022-01-07;17:00:00;1008.9;G
2022-01-07;18:00:00;1008.5;G
2022-01-07;19:00:00;1008.4;G
2022-01-07;20:00:00;1008.1;G
2022-01-07;21:00:00;1007.6;G
2022-01-07;22:00:00;1007.4;G
2022-01-07;23:00:00;1007.0;G
2022-01-08;00:00:00;1006.4;G
2022-01-08;01:00:00;1005.6;G
2022-01-08;02:00:00;1005.0;G
2022-01-08;03:00:00;1004.3;G
2022-01-08;04:00:00;1003.6;G
2022-01-08;05:00:00;1003.3;G
2022-01-08;06:00:00;1003.1;G
2022-01-08;07:00:00;1003.1;G
2022-01-08;08:00:00;1002.8;G
2022-01-08;09:00:00;1002.8;G
2022-01-08;10:00:00;1002.6;G
2022-01-08;11:00:00;1002.2;G
2022-01-08;12:00:00;1001.7;G
2022-01-08;13:00:00;1001.5;G
2022-01-08;14:00:00;1001.5;G
2022-01-08;15:00:00;1001.1;G
2022-01-08;16:00:00;1000.9;G
2022-01-08;17:00:00;1000.6;G
2022-01-08;18:00:00;1000.2;G
2022-01-08;19:00:00;1000.0;G
2022-01-08;20:00:00;999.8;G
2022-01-08;21:00:00;999.5;G
2022-01-08;22:00:00;999.6;G
2022-01-08;23:00:00;999.6;G
2022-01-09;00:00:00;999.7;G
2022-01-09;01:00:00;999.9;G
2022-01-09;02:00:00;1000.1;G
2022-01-09;03:00:00;1000.4;G
2022-01-09;04:00:00;1000.7;G
2022-01-09;05:00:00;1001.1;G
2022-01-09;06:00:00;1001.9;G
2022-01-09;07:00:00;1002.8;G
2022-01-09;08:00:00;1003.7;G
2022-01-09;09:00:00;1004.5;G
2022-01-09;10:00:00;1005.1;G
2022-01-09;11:00:00;1005.8;G
2022-01-09;12:00:00;1006.6;G
2022-01-09;13:00:00;1007.5;G
2022-01-09;14:00:00;1008.4;G
2022-01-09;15:00:00;1009.4;G
2022-01-09;16:00:00;1010.1;G
2022-01-09;17:00:00;1011.1;G
2022-01-09;18:00:00;1012.2;G
2022-01-09;19:00:00;1013.5;G
2022-01-09;20:00:00;1014.6;G
2022-01-09;21:00:00;1015.7;G
2022-01-09;22:00:00;1016.6;G
2022-01-09;23:00:00;1017.6;G
2022-01-10;00:00:00;1018.4;G
2022-01-10;01:00:00;1019.2;G
2022-01-10;02:00:00;1020.1;G
2022-01-10;03:00:00;1021.1;G
2022-01-10;04:00:00;1022.0;G
2022-01-10;05:00:00;1023.1;G
2022-01-10;06:00:00;1024.2;G
2022-01-10;07:00:00;1025.6;G
2022-01-10;08:00:00;1026.8;G
2022-01-10;09:00:00;1027.7;G
2022-01-10;10:00:00;1028.5;G
2022-01-10;11:00:00;1029.1;G
2022-01-10;12:00:00;1029.7;G
2022-01-10;13:00:00;1030.4;G
2022-01-10;14:00:00;1030.8;G
2022-01-10;15:00:00;1031.7;G
2022-01-10;16:00:00;1032.3;G
2022-01-10;17:00:00;1032.9;G
2022-01-10;18:00:00;1033.5;G
2022-01-10;19:00:00;1034.1;G
2022-01-10;20:00:00;1034.5;G
2022-01-10;21:00:00;1034.7;G
2022-01-10;22:00:00;1034.5;G
2022-01-10;23:00:00;1034.8;G
2022-01-11;00:00:00;1034.8;G
2022-01-11;01:00:00;1034.7;G
2022-01-11;02:00:00;1034.5;G
2022-01-11;03:00:00;1034.2;G
2022-01-11;04:00:00;1034.1;G
2022-01-11;05:00:00;1034.0;G
2022-01-11;06:00:00;1033.8;G
2022-01-11;07:00:00;1033.8;G
2022-01-11;08:00:00;1033.8;G
2022-01-11;09:00:00;1033.9;G
2022-01-11;10:00:00;1033.3;G
2022-01-11;11:00:00;1032.6;G
2022-01-11;12:00:00;1032.1;G
2022-01-11;13:00:00;1031.4;G
2022-01-11;14:00:00;1031.2;G
2022-01-11;15:00:00;1030.6;G
2022-01-11;16:00:00;1030.4;G
2022-01-11;17:00:00;1029.8;G
2022-01-11;18:00:00;1029.6;G
2022-01-11;19:00:00;1029.5;G
2022-01-11;20:00:00;1029.0;G
2022-01-11;21:00:00;1028.6;G
2022-01-11;22:00:00;1028.2;G
2022-01-11;23:00:00;1027.8;G
2022-01-12;00:00:00;1027.3;G
2022-01-12;01:00:00;1026.8;G
2022-01-12;02:00:00;1026.3;G
2022-01-12;03:00:00;1025.7;G
2022-01-12;04:00:00;1025.8;G
2022-01-12;05:00:00;1025.1;G
2022-01-12;06:00:00;1024.9;G
2022-01-12;07:00:00;1024.0;G
2022-01-12;08:00:00;1024.4;G
2022-01-12;09:00:00;1023.4;G
2022-01-12;10:00:00;1022.8;G
2022-01-12;11:00:00;1022.0;G
2022-01-12;12:00:00;1020.6;G
2022-01-12;13:00:00;1020.1;G
2022-01-12;14:00:00;1019.3;G
2022-01-12;15:00:00;1018.3;G
2022-01-12;16:00:00;1017.9;G
2022-01-12;17:00:00;1017.0;G
2022-01-12;18:00:00;1016.0;G
2022-01-12;19:00:00;1014.8;G
2022-01-12;20:00:00;1014.6;G
2022-01-12;21:00:00;1013.4;G
2022-01-12;22:00:00;1012.7;G
2022-01-12;23:00:00;1012.7;G
2022-01-13;00:00:00;1011.8;G
2022-01-13;01:00:00;1011.1;G
2022-01-13;02:00:00;1010.9;G
2022-01-13;03:00:00;1010.3;G
2022-01-13;04:00:00;1010.0;G
2022-01-13;05:00:00;1010.3;G
2022-01-13;06:00:00;1010.4;G
2022-01-13;07:00:00;1010.2;G
2022-01-13;08:00:00;1010.0;G
2022-01-13;09:00:00;1009.9;G
2022-01-13;10:00:00;1009.5;G
2022-01-13;11:00:00;1008.9;G
2022-01-13;12:00:00;1007.9;G
2022-01-13;13:00:00;1007.2;G
2022-01-13;14:00:00;1006.7;G
2022-01-13;15:00:00;1006.0;G
2022-01-13;16:00:00;1005.9;G
2022-01-13;17:00:00;1005.5;G
2022-01-13;18:00:00;1004.8;G
2022-01-13;19:00:00;1004.0;G
2022-01-13;20:00:00;1003.1;G
2022-01-13;21:00:00;1002.0;G
2022-01-13;22:00:00;1001.1;G
2022-01-13;23:00:00;999.5;G
2022-01-14;00:00:00;997.4;G
2022-01-14;01:00:00;996.3;G
2022-01-14;02:00:00;997.6;G
2022-01-14;03:00:00;999.4;G
2022-01-14;04:00:00;1000.5;G
2022-01-14;05:00:00;1001.4;G
2022-01-14;06:00:00;1002.0;G
2022-01-14;07:00:00;1003.3;G
2022-01-14;08:00:00;1004.4;G
2022-01-14;09:00:00;1005.2;G
2022-01-14;10:00:00;1006.1;G
2022-01-14;11:00:00;1007.1;G
2022-01-14;12:00:00;1007.8;G
2022-01-14;13:00:00;1008.6;G
2022-01-14;14:00:00;1009.5;G
2022-01-14;15:00:00;1010.5;G
2022-01-14;16:00:00;1011.4;G
2022-01-14;17:00:00;1012.3;G
2022-01-14;18:00:00;1012.8;G
2022-01-14;19:00:00;1013.6;G
2022-01-14;20:00:00;1014.1;G
2022-01-14;21:00:00;1014.7;G
2022-01-14;22:00:00;1015.4;G
2022-01-14;23:00:00;1016.3;G
2022-01-15;00:00:00;1016.4;G
2022-01-15;01:00:00;1017.3;G
2022-01-15;02:00:00;1017.7;G
2022-01-15;03:00:00;1018.0;G
2022-01-15;04:00:00;1018.8;G
2022-01-15;05:00:00;1019.1;G
2022-01-15;06:00:00;1019.7;G
2022-01-15;07:00:00;1019.5;G
2022-01-15;08:00:00;1019.9;G
2022-01-15;09:00:00;1020.3;G
2022-01-15;10:00:00;1020.8;G
2022-01-15;11:00:00;1020.9;G
2022-01-15;12:00:00;1020.6;G
2022-01-15;13:00:00;1020.6;G
2022-01-15;14:00:00;1020.3;G
2022-01-15;15:00:00;1019.8;G
2022-01-15;16:00:00;1019.2;G
2022-01-15;17:00:00;1018.5;G
2022-01-15;18:00:00;1017.7;G
2022-01-15;19:00:00;1016.6;G
2022-01-15;20:00:00;1015.9;G
2022-01-15;21:00:00;1015.2;G
2022-01-15;22:00:00;1014.4;G
2022-01-15;23:00:00;1013.9;G
2022-01-16;00:00:00;1012.8;G
2022-01-16;01:00:00;1011.7;G
2022-01-16;02:00:00;1010.4;G
2022-01-16;03:00:00;1008.9;G
2022-01-16;04:00:00;1008.0;G
2022-01-16;05:00:00;1006.5;G
2022-01-16;06:00:00;1005.1;G
2022-01-16;07:00:00;1003.4;G
2022-01-16;08:00:00;1002.4;G
2022-01-16;09:00:00;1001.3;G
2022-01-16;10:00:00;1000.0;G
2022-01-16;11:00:00;998.8;G
2022-01-16;12:00:00;997.4;G
2022-01-16;13:00:00;997.0;G
2022-01-16;14:00:00;995.9;G
2022-01-16;15:00:00;996.1;G
2022-01-16;16:00:00;996.4;G
2022-01-16;17:00:00;995.6;G
2022-01-16;18:00:00;994.5;G
2022-01-16;19:00:00;993.6;G
2022-01-16;20:00:00;991.7;G
2022-01-16;21:00:00;988.7;G
2022-01-16;22:00:00;987.0;G
2022-01-16;23:00:00;986.1;G
2022-01-17;00:00:00;985.4;G
2022-01-17;01:00:00;986.1;G
2022-01-17;02:00:00;987.6;G
2022-01-17;03:00:00;988.2;G
2022-01-17;04:00:00;988.8;G
2022-01-17;05:00:00;990.6;G
2022-01-17;06:00:00;992.4;G
2022-01-17;07:00:00;995.3;G
2022-01-17;08:00:00;997.6;G
2022-01-17;09:00:00;1000.5;G
2022-01-17;10:00:00;1003.2;G
2022-01-17;11:00:00;1005.4;G
2022-01-17;12:00:00;1008.1;G
2022-01-17;13:00:00;1009.9;G
2022-01-17;14:00:00;1011.1;G
2022-01-17;15:00:00;1012.4;G
2022-01-17;16:00:00;1013.2;G
2022-01-17;17:00:00;1014.2;G
2022-01-17;18:00:00;1014.9;G
2022-01-17;19:00:00;1015.5;G
2022-01-17;20:00:00;1016.6;G
2022-01-17;21:00:00;1018.0;G
2022-01-17;22:00:00;1019.4;G
2022-01-17;23:00:00;1020.5;G
2022-01-18;00:00:00;1021.2;G
2022-01-18;01:00:00;1022.0;G
2022-01-18;02:00:00;1022.7;G
2022-01-18;03:00:00;1023.2;G
2022-01-18;04:00:00;1023.4;G
2022-01-18;05:00:00;1024.1;G
2022-01-18;06:00:00;1024.8;G
2022-01-18;07:00:00;1024.6;G
2022-01-18;08:00:00;1024.6;G
2022-01-18;09:00:00;1024.6;G
2022-01-18;10:00:00;1024.2;G
2022-01-18;11:00:00;1023.5;G
2022-01-18;12:00:00;1022.4;G
2022-01-18;13:00:00;1021.6;G
2022-01-18;14:00:00;1021.0;G
2022-01-18;15:00:00;1019.7;G
2022-01-18;16:00:00;1019.5;G
2022-01-18;17:00:00;1019.3;G
2022-01-18;18:00:00;1018.6;G
2022-01-18;19:00:00;1018.2;G
2022-01-18;20:00:00;1017.4;G
2022-01-18;21:00:00;1016.8;G
2022-01-18;22:00:00;1015.8;G
2022-01-18;23:00:00;1015.1;G
2022-01-19;00:00:00;1014.0;G
2022-01-19;01:00:00;1013.3;G
2022-01-19;02:00:00;1011.9;G
2022-01-19;03:00:00;1010.8;G
2022-01-19;04:00:00;1009.1;G
2022-01-19;05:00:00;1008.2;G
2022-01-19;06:00:00;1006.9;G
2022-01-19;07:00:00;1005.8;G
2022-01-19;08:00:00;1004.9;G
2022-01-19;09:00:00;1004.0;G
2022-01-19;10:00:00;1002.7;G
2022-01-19;11:00:00;1001.5;G
2022-01-19;12:00:00;1000.2;G
2022-01-19;13:00:00;998.8;G
2022-01-19;14:00:00;997.5;G
2022-01-19;15:00:00;996.0;G
2022-01-19;16:00:00;994.7;G
2022-01-19;17:00:00;993.2;G
2022-01-19;18:00:00;991.2;G
2022-01-19;19:00:00;989.7;G
2022-01-19;20:00:00;987.7;G
2022-01-19;21:00:00;986.1;G
2022-01-19;22:00:00;985.2;G
2022-01-19;23:00:00;985.5;G
2022-01-20;00:00:00;985.7;G
2022-01-20;01:00:00;986.6;G
2022-01-20;02:00:00;987.3;G
2022-01-20;03:00:00;988.1;G
2022-01-20;04:00:00;988.6;G
2022-01-20;05:00:00;989.7;G
2022-01-20;06:00:00;990.1;G
2022-01-20;07:00:00;991.2;G
2022-01-20;08:00:00;992.3;G
2022-01-20;09:00:00;993.3;G
2022-01-20;10:00:00;994.5;G
2022-01-20;11:00:00;995.6;G
2022-01-20;12:00:00;997.0;G
2022-01-20;13:00:00;998.1;G
2022-01-20;14:00:00;998.9;G
2022-01-20;15:00:00;999.8;G
2022-01-20;16:00:00;1000.5;G
2022-01-20;17:00:00;1001.1;G
2022-01-20;18:00:00;1002.0;G
2022-01-20;19:00:00;1002.8;G
2022-01-20;20:00:00;1003.7;G
2022-01-20;21:00:00;1004.8;G
2022-01-20;22:00:00;1005.6;G
2022-01-20;23:00:00;1006.5;G
2022-01-21;00:00:00;1007.1;G
2022-01-21;01:00:00;1008.1;G
2022-01-21;02:00:00;1008.4;G
2022-01-21;03:00:00;1008.9;G
2022-01-21;04:00:00;1009.5;G
2022-01-21;05:00:00;1010.3;G
2022-01-21;06:00:00;1010.8;G
2022-01-21;07:00:00;1011.1;G
2022-01-21;08:00:00;1012.0;G
2022-01-21;09:00:00;1012.1;G
2022-01-21;10:00:00;1012.5;G
2022-01-21;11:00:00;1013.0;G
2022-01-21;12:00:00;1013.2;G
2022-01-21;13:00:00;1013.5;G
2022-01-21;14:00:00;1013.9;G
2022-01-21;15:00:00;1014.8;G
2022-01-21;16:00:00;1015.4;G
2022-01-21;17:00:00;1016.1;G
2022-01-21;18:00:00;1016.3;G
2022-01-21;19:00:00;1017.1;G
2022-01-21;20:00:00;1018.0;G
2022-01-21;21:00:00;1018.7;G
2022-01-21;22:00:00;1019.2;G
2022-01-21;23:00:00;1019.9;G
2022-01-22;00:00:00;1020.4;G
2022-01-22;01:00:00;1020.9;G
2022-01-22;02:00:00;1021.5;G
2022-01-22;03:00:00;1021.9;G
2022-01-22;04:00:00;1022.0;G
2022-01-22;05:00:00;1022.4;G
2022-01-22;06:00:00;1022.8;G
2022-01-22;07:00:00;1023.5;G
2022-01-22;08:00:00;1023.5;G
2022-01-22;09:00:00;1023.8;G
2022-01-22;10:00:00;1023.9;G
2022-01-22;11:00:00;1023.9;G
2022-01-22;12:00:00;1024.1;G
2022-01-22;13:00:00;1023.9;G
2022-01-22;14:00:00;1024.2;G
2022-01-22;15:00:00;1023.7;G
2022-01-22;16:00:00;1023.0;G
2022-01-22;17:00:00;1022.6;G
2022-01-22;18:00:00;1023.5;G
2022-01-22;19:00:00;1022.7;G
2022-01-22;20:00:00;1022.9;G
2022-01-22;21:00:00;1022.6;G
2022-01-22;22:00:00;1022.5;G
2022-01-22;23:00:00;1022.8;G
2022-01-23;00:00:00;1023.2;G
2022-01-23;01:00:00;1022.7;G
2022-01-23;02:00:00;1022.6;G
2022-01-23;03:00:00;1022.7;G
2022-01-23;04:00:00;1022.5;G
2022-01-23;05:00:00;1022.7;G
2022-01-23;06:00:00;1023.1;G
2022-01-23;07:00:00;1023.1;G
2022-01-23;08:00:00;1024.0;G
2022-01-23;09:00:00;1024.0;G
2022-01-23;10:00:00;1024.1;G
2022-01-23;11:00:00;1024.1;G
2022-01-23;12:00:00;1023.7;G
2022-01-23;13:00:00;1023.7;G
2022-01-23;14:00:00;1023.8;G
2022-01-23;15:00:00;1023.6;G
2022-01-23;16:00:00;1023.8;G
2022-01-23;17:00:00;1023.6;G
2022-01-23;18:00:00;1023.8;G
2022-01-23;19:00:00;1023.3;G
2022-01-23;20:00:00;1023.0;G
2022-01-23;21:00:00;1022.6;G
2022-01-23;22:00:00;1022.5;G
2022-01-23;23:00:00;1022.3;G
2022-01-24;00:00:00;1022.3;G
2022-01-24;01:00:00;1021.7;G
2022-01-24;02:00:00;1021.2;G
2022-01-24;03:00:00;1020.7;G
2022-01-24;04:00:00;1020.2;G
2022-01-24;05:00:00;1019.7;G
2022-01-24;06:00:00;1019.4;G
2022-01-24;07:00:00;1019.1;G
2022-01-24;08:00:00;1018.9;G
2022-01-24;09:00:00;1019.0;G
2022-01-24;10:00:00;1018.5;G
2022-01-24;11:00:00;1018.4;G
2022-01-24;12:00:00;1017.7;G
2022-01-24;13:00:00;1017.4;G
2022-01-24;14:00:00;1017.3;G
2022-01-24;15:00:00;1017.4;G
2022-01-24;16:00:00;1017.9;G
2022-01-24;17:00:00;1018.4;G
2022-01-24;18:00:00;1018.2;G
2022-01-24;19:00:00;1018.6;G
2022-01-24;20:00:00;1019.1;G
2022-01-24;21:00:00;1019.1;G
2022-01-24;22:00:00;1018.9;G
2022-01-24;23:00:00;1018.7;G
2022-01-25;00:00:00;1019.2;G
2022-01-25;01:00:00;1019.3;G
2022-01-25;02:00:00;1019.8;G
2022-01-25;03:00:00;1020.1;G
2022-01-25;04:00:00;1020.6;G
2022-01-25;05:00:00;1021.7;G
2022-01-25;06:00:00;1021.9;G
2022-01-25;07:00:00;1022.4;G
2022-01-25;08:00:00;1023.1;G
2022-01-25;09:00:00;1023.5;G
2022-01-25;10:00:00;1023.7;G
2022-01-25;11:00:00;1024.0;G
2022-01-25;12:00:00;1024.1;G
2022-01-25;13:00:00;1024.0;G
2022-01-25;14:00:00;1024.1;G
2022-01-25;15:00:00;1024.3;G
2022-01-25;16:00:00;1024.4;G
2022-01-25;17:00:00;1024.1;G
2022-01-25;18:00:00;1024.0;G
2022-01-25;19:00:00;1023.5;G
2022-01-25;20:00:00;1022.9;G
2022-01-25;21:00:00;1022.2;G
2022-01-25;22:00:00;1021.5;G
2022-01-25;23:00:00;1020.5;G
2022-01-26;00:00:00;1019.4;G
2022-01-26;01:00:00;1018.1;G
2022-01-26;02:00:00;1016.8;G
2022-01-26;03:00:00;1015.4;G
2022-01-26;04:00:00;1013.8;G
2022-01-26;05:00:00;1012.6;G
2022-01-26;06:00:00;1011.3;G
2022-01-26;07:00:00;1010.3;G
2022-01-26;08:00:00;1009.4;G
2022-01-26;09:00:00;1008.4;G
2022-01-26;10:00:00;1007.2;G
2022-01-26;11:00:00;1006.3;G
2022-01-26;12:00:00;1005.4;G
2022-01-26;13:00:00;1004.8;G
2022-01-26;14:00:00;1004.4;G
2022-01-26;15:00:00;1004.5;G
2022-01-26;16:00:00;1004.5;G
2022-01-26;17:00:00;1004.5;G
2022-01-26;18:00:00;1004.2;G
2022-01-26;19:00:00;1004.5;G
2022-01-26;20:00:00;1004.5;G
2022-01-26;21:00:00;1003.8;G
2022-01-26;22:00:00;1003.0;G
2022-01-26;23:00:00;1002.5;G
2022-01-27;00:00:00;1002.1;G
2022-01-27;01:00:00;1000.8;G
2022-01-27;02:00:00;999.5;G
2022-01-27;03:00:00;998.9;G
2022-01-27;04:00:00;997.5;G
2022-01-27;05:00:00;996.1;G
2022-01-27;06:00:00;994.6;G
2022-01-27;07:00:00;993.1;G
2022-01-27;08:00:00;991.8;G
2022-01-27;09:00:00;990.2;G
2022-01-27;10:00:00;988.8;G
2022-01-27;11:00:00;987.7;G
2022-01-27;12:00:00;986.5;G
2022-01-27;13:00:00;985.7;G
2022-01-27;14:00:00;985.3;G
2022-01-27;15:00:00;985.3;G
2022-01-27;16:00:00;985.8;G
2022-01-27;17:00:00;986.7;G
2022-01-27;18:00:00;987.7;G
2022-01-27;19:00:00;989.1;G
2022-01-27;20:00:00;990.6;G
2022-01-27;21:00:00;992.5;G
2022-01-27;22:00:00;994.3;G
2022-01-27;23:00:00;996.2;G
2022-01-28;00:00:00;998.0;G
2022-01-28;01:00:00;999.6;G
2022-01-28;02:00:00;1001.0;G
2022-01-28;03:00:00;1002.3;G
2022-01-28;04:00:00;1003.4;G
2022-01-28;05:00:00;1004.8;G
2022-01-28;06:00:00;1006.2;G
2022-01-28;07:00:00;1008.0;G
2022-01-28;08:00:00;1009.6;G
2022-01-28;09:00:00;1011.1;G
2022-01-28;10:00:00;1012.6;G
2022-01-28;11:00:00;1013.6;G
2022-01-28;12:00:00;1014.0;G
2022-01-28;13:00:00;1014.9;G
2022-01-28;14:00:00;1015.7;G
2022-01-28;15:00:00;1016.6;G
2022-01-28;16:00:00;1016.9;G
2022-01-28;17:00:00;1016.8;G
2022-01-28;18:00:00;1016.5;G
2022-01-28;19:00:00;1016.3;G
2022-01-28;20:00:00;1015.9;G
2022-01-28;21:00:00;1015.0;G
2022-01-28;22:00:00;1013.7;G
2022-01-28;23:00:00;1012.8;G
2022-01-29;00:00:00;1011.3;G
2022-01-29;01:00:00;1009.7;G
2022-01-29;02:00:00;1008.3;G
2022-01-29;03:00:00;1008.3;G
2022-01-29;04:00:00;1004.3;G
2022-01-29;05:00:00;1001.9;G
2022-01-29;06:00:00;1000.4;G
2022-01-29;07:00:00;998.5;G
2022-01-29;08:00:00;996.0;G
2022-01-29;09:00:00;994.1;G
2022-01-29;10:00:00;991.6;G
2022-01-29;11:00:00;989.1;G
2022-01-29;12:00:00;986.4;G
2022-01-29;13:00:00;983.2;G
2022-01-29;14:00:00;979.8;G
2022-01-29;15:00:00;976.5;G
2022-01-29;16:00:00;973.5;G
2022-01-29;17:00:00;970.6;G
2022-01-29;18:00:00;968.3;G
2022-01-29;19:00:00;966.1;G
2022-01-29;20:00:00;964.7;G
2022-01-29;21:00:00;963.9;G
2022-01-29;22:00:00;963.7;G
2022-01-29;23:00:00;964.7;G
2022-01-30;00:00:00;966.0;G
2022-01-30;01:00:00;967.6;G
2022-01-30;02:00:00;969.1;G
2022-01-30;03:00:00;971.6;G
2022-01-30;04:00:00;974.3;G
2022-01-30;05:00:00;977.6;G
2022-01-30;06:00:00;981.1;G
2022-01-30;07:00:00;984.1;G
2022-01-30;08:00:00;986.5;G
2022-01-30;09:00:00;988.9;G
2022-01-30;10:00:00;990.9;G
2022-01-30;11:00:00;993.0;G
2022-01-30;12:00:00;994.8;G
2022-01-30;13:00:00;996.9;G
2022-01-30;14:00:00;998.4;G
2022-01-30;15:00:00;1000.2;G
2022-01-30;16:00:00;1001.1;G
2022-01-30;17:00:00;1001.9;G
2022-01-30;18:00:00;1002.3;G
2022-01-30;19:00:00;1002.7;G
2022-01-30;20:00:00;1003.0;G
2022-01-30;21:00:00;1003.5;G
2022-01-30;22:00:00;1003.6;G
2022-01-30;23:00:00;1003.5;G
2022-01-31;00:00:00;1003.5;G
2022-01-31;01:00:00;1003.3;G
2022-01-31;02:00:00;1003.0;G
2022-01-31;03:00:00;1002.8;G
2022-01-31;04:00:00;1002.9;G
2022-01-31;05:00:00;1002.8;G
2022-01-31;06:00:00;1002.7;G
2022-01-31;07:00:00;1002.7;G
2022-01-31;08:00:00;1002.9;G
2022-01-31;09:00:00;1003.0;G
2022-01-31;10:00:00;1003.0;G
2022-01-31;11:00:00;1003.6;G
2022-01-31;12:00:00;1003.5;G
2022-01-31;13:00:00;1003.7;G
2022-01-31;14:00:00;1004.1;G
2022-01-31;15:00:00;1004.4;G
2022-01-31;16:00:00;1005.0;G
2022-01-31;17:00:00;1005.1;G
2022-01-31;18:00:00;1005.0;G
2022-01-31;19:00:00;1005.1;G
2022-01-31;20:00:00;1004.8;G
2022-01-31;21:00:00;1004.4;G
2022-01-31;22:00:00;1004.4;G
2022-01-31;23:00:00;1004.6;G
2022-02-01;00:00:00;1004.5;G
2022-02-01;01:00:00;1004.0;G
2022-02-01;02:00:00;1003.1;G
2022-02-01;03:00:00;1003.0;G
2022-02-01;04:00:00;1002.6;G
2022-02-01;05:00:00;1002.2;G
2022-02-01;06:00:00;1001.6;G
2022-02-01;07:00:00;1001.1;G
2022-02-01;08:00:00;1000.7;G
2022-02-01;09:00:00;1000.4;G
2022-02-01;10:00:00;999.4;G
2022-02-01;11:00:00;998.4;G
2022-02-01;12:00:00;997.7;G
2022-02-01;13:00:00;996.5;G
2022-02-01;14:00:00;996.2;G
2022-02-01;15:00:00;995.8;G
2022-02-01;16:00:00;995.3;G
2022-02-01;17:00:00;995.3;G
2022-02-01;18:00:00;995.0;G
2022-02-01;19:00:00;995.0;G
2022-02-01;20:00:00;995.2;G
2022-02-01;21:00:00;995.5;G
2022-02-01;22:00:00;995.7;G
2022-02-01;23:00:00;996.1;G
2022-02-02;00:00:00;996.7;G
2022-02-02;01:00:00;997.3;G
2022-02-02;02:00:00;997.5;G
2022-02-02;03:00:00;998.1;G
2022-02-02;04:00:00;998.6;G
2022-02-02;05:00:00;999.5;G
2022-02-02;06:00:00;1000.3;G
2022-02-02;07:00:00;1001.1;G
2022-02-02;08:00:00;1002.1;G
2022-02-02;09:00:00;1003.0;G
2022-02-02;10:00:00;1003.5;G
2022-02-02;11:00:00;1004.0;G
2022-02-02;12:00:00;1004.8;G
2022-02-02;13:00:00;1005.4;G
2022-02-02;14:00:00;1006.4;G
2022-02-02;15:00:00;1007.2;G
2022-02-02;16:00:00;1008.1;G
2022-02-02;17:00:00;1008.6;G
2022-02-02;18:00:00;1008.6;G
2022-02-02;19:00:00;1008.9;G
2022-02-02;20:00:00;1008.8;G
2022-02-02;21:00:00;1009.0;G
2022-02-02;22:00:00;1009.4;G
2022-02-02;23:00:00;1009.2;G
2022-02-03;00:00:00;1009.4;G
2022-02-03;01:00:00;1009.7;G
2022-02-03;02:00:00;1009.5;G
2022-02-03;03:00:00;1009.8;G
2022-02-03;04:00:00;1009.8;G
2022-02-03;05:00:00;1010.2;G
2022-02-03;06:00:00;1010.6;G
2022-02-03;07:00:00;1010.9;G
2022-02-03;08:00:00;1011.4;G
2022-02-03;09:00:00;1011.5;G
2022-02-03;10:00:00;1012.2;G
2022-02-03;11:00:00;1011.8;G
2022-02-03;12:00:00;1012.0;G
2022-02-03;13:00:00;1011.8;G
2022-02-03;14:00:00;1011.7;G
2022-02-03;15:00:00;1011.3;G
2022-02-03;16:00:00;1011.3;G
2022-02-03;17:00:00;1010.5;G
2022-02-03;18:00:00;1010.0;G
2022-02-03;19:00:00;1009.3;G
2022-02-03;20:00:00;1008.7;G
2022-02-03;21:00:00;1008.3;G
2022-02-03;22:00:00;1007.4;G
2022-02-03;23:00:00;1006.5;G
2022-02-04;00:00:00;1005.6;G
2022-02-04;01:00:00;1004.6;G
2022-02-04;02:00:00;1003.6;G
2022-02-04;03:00:00;1002.8;G
2022-02-04;04:00:00;1002.0;G
2022-02-04;05:00:00;1001.5;G
2022-02-04;06:00:00;1000.6;G
2022-02-04;07:00:00;999.8;G
2022-02-04;08:00:00;998.9;G
2022-02-04;09:00:00;998.4;G
2022-02-04;10:00:00;997.7;G
2022-02-04;11:00:00;996.5;G
2022-02-04;12:00:00;995.6;G
2022-02-04;13:00:00;994.8;G
2022-02-04;14:00:00;994.1;G
2022-02-04;15:00:00;993.4;G
2022-02-04;16:00:00;992.5;G
2022-02-04;17:00:00;992.0;G
2022-02-04;18:00:00;991.4;G
2022-02-04;19:00:00;991.2;G
2022-02-04;20:00:00;991.0;G
2022-02-04;21:00:00;990.5;G
2022-02-04;22:00:00;989.9;G
2022-02-04;23:00:00;989.9;G
2022-02-05;00:00:00;989.7;G
2022-02-05;01:00:00;989.7;G
2022-02-05;02:00:00;989.7;G
2022-02-05;03:00:00;989.6;G
2022-02-05;04:00:00;990.0;G
2022-02-05;05:00:00;990.4;G
2022-02-05;06:00:00;990.5;G
2022-02-05;07:00:00;990.8;G
2022-02-05;08:00:00;991.3;G
2022-02-05;09:00:00;991.6;G
2022-02-05;10:00:00;991.7;G
2022-02-05;11:00:00;992.3;G
2022-02-05;12:00:00;992.5;G
2022-02-05;13:00:00;992.9;G
2022-02-05;14:00:00;993.3;G
2022-02-05;15:00:00;993.6;G
2022-02-05;16:00:00;994.1;G
2022-02-05;17:00:00;994.2;G
2022-02-05;18:00:00;994.3;G
2022-02-05;19:00:00;994.0;G
2022-02-05;20:00:00;993.6;G
2022-02-05;21:00:00;992.9;G
2022-02-05;22:00:00;991.9;G
2022-02-05;23:00:00;990.7;G
2022-02-06;00:00:00;989.2;G
2022-02-06;01:00:00;987.8;G
2022-02-06;02:00:00;985.8;G
2022-02-06;03:00:00;984.5;G
2022-02-06;04:00:00;983.1;G
2022-02-06;05:00:00;982.3;G
2022-02-06;06:00:00;981.6;G
2022-02-06;07:00:00;981.8;G
2022-02-06;08:00:00;981.7;G
2022-02-06;09:00:00;981.7;G
2022-02-06;10:00:00;981.8;G
2022-02-06;11:00:00;981.3;G
2022-02-06;12:00:00;981.1;G
2022-02-06;13:00:00;980.9;G
2022-02-06;14:00:00;980.5;G
2022-02-06;15:00:00;980.8;G
2022-02-06;16:00:00;980.9;G
2022-02-06;17:00:00;980.9;G
2022-02-06;18:00:00;980.8;G
2022-02-06;19:00:00;981.2;G
2022-02-06;20:00:00;981.4;G
2022-02-06;21:00:00;982.0;G
2022-02-06;22:00:00;982.2;G
2022-02-06;23:00:00;982.4;G
2022-02-07;00:00:00;983.0;G
2022-02-07;01:00:00;983.8;G
2022-02-07;02:00:00;984.0;G
2022-02-07;03:00:00;984.8;G
2022-02-07;04:00:00;985.6;G
2022-02-07;05:00:00;986.5;G
2022-02-07;06:00:00;987.7;G
2022-02-07;07:00:00;988.5;G
2022-02-07;08:00:00;989.7;G
2022-02-07;09:00:00;990.7;G
2022-02-07;10:00:00;991.9;G
2022-02-07;11:00:00;992.9;G
2022-02-07;12:00:00;994.3;G
2022-02-07;13:00:00;996.2;G
2022-02-07;14:00:00;998.4;G
2022-02-07;15:00:00;1000.5;G
2022-02-07;16:00:00;1002.0;G
2022-02-07;17:00:00;1003.9;G
2022-02-07;18:00:00;1004.6;G
2022-02-07;19:00:00;1005.4;G
2022-02-07;20:00:00;1006.0;G
2022-02-07;21:00:00;1006.1;G
2022-02-07;22:00:00;1006.7;G
2022-02-07;23:00:00;1007.1;G
2022-02-08;00:00:00;1007.1;G
2022-02-08;01:00:00;1006.5;G
2022-02-08;02:00:00;1005.2;G
2022-02-08;03:00:00;1004.2;G
2022-02-08;04:00:00;1003.0;G
2022-02-08;05:00:00;1001.6;G
2022-02-08;06:00:00;1000.2;G
2022-02-08;07:00:00;998.4;G
2022-02-08;08:00:00;997.6;G
2022-02-08;09:00:00;996.8;G
2022-02-08;10:00:00;996.2;G
2022-02-08;11:00:00;996.0;G
2022-02-08;12:00:00;996.4;G
2022-02-08;13:00:00;997.4;G
2022-02-08;14:00:00;998.6;G
2022-02-08;15:00:00;999.4;G
2022-02-08;16:00:00;1000.2;G
2022-02-08;17:00:00;1001.2;G
2022-02-08;18:00:00;1002.4;G
2022-02-08;19:00:00;1003.2;G
2022-02-08;20:00:00;1003.9;G
2022-02-08;21:00:00;1004.5;G
2022-02-08;22:00:00;1004.8;G
2022-02-08;23:00:00;1005.0;G
2022-02-09;00:00:00;1005.8;G
2022-02-09;01:00:00;1006.0;G
2022-02-09;02:00:00;1005.9;G
2022-02-09;03:00:00;1005.6;G
2022-02-09;04:00:00;1005.4;G
2022-02-09;05:00:00;1005.0;G
2022-02-09;06:00:00;1004.3;G
2022-02-09;07:00:00;1003.7;G
2022-02-09;08:00:00;1003.2;G
2022-02-09;09:00:00;1002.5;G
2022-02-09;10:00:00;1001.5;G
2022-02-09;11:00:00;1000.9;G
2022-02-09;12:00:00;999.9;G
2022-02-09;13:00:00;998.9;G
2022-02-09;14:00:00;998.4;G
2022-02-09;15:00:00;998.2;G
2022-02-09;16:00:00;998.5;G
2022-02-09;17:00:00;998.9;G
2022-02-09;18:00:00;999.1;G
2022-02-09;19:00:00;999.4;G
2022-02-09;20:00:00;1000.2;G
2022-02-09;21:00:00;1001.1;G
2022-02-09;22:00:00;1001.5;G
2022-02-09;23:00:00;1001.8;G
2022-02-10;00:00:00;1002.2;G
2022-02-10;01:00:00;1002.0;G
2022-02-10;02:00:00;1002.0;G
2022-02-10;03:00:00;1001.9;G
2022-02-10;04:00:00;1001.4;G
2022-02-10;05:00:00;1001.1;G
2022-02-10;06:00:00;1001.1;G
2022-02-10;07:00:00;1001.3;G
2022-02-10;08:00:00;1001.7;G
2022-02-10;09:00:00;1001.6;G
2022-02-10;10:00:00;1001.6;G
2022-02-10;11:00:00;1001.5;G
2022-02-10;12:00:00;1001.5;G
2022-02-10;13:00:00;1001.5;G
2022-02-10;14:00:00;1001.6;G
2022-02-10;15:00:00;1001.8;G
2022-02-10;16:00:00;1002.0;G
2022-02-10;17:00:00;1002.0;G
2022-02-10;18:00:00;1002.3;G
2022-02-10;19:00:00;1002.6;G
2022-02-10;20:00:00;1002.7;G
2022-02-10;21:00:00;1003.3;G
2022-02-10;22:00:00;1003.6;G
2022-02-10;23:00:00;1004.2;G
2022-02-11;00:00:00;1004.7;G
2022-02-11;01:00:00;1005.3;G
2022-02-11;02:00:00;1005.6;G
2022-02-11;03:00:00;1006.1;G
2022-02-11;04:00:00;1006.5;G
2022-02-11;05:00:00;1007.4;G
2022-02-11;06:00:00;1007.9;G
2022-02-11;07:00:00;1008.8;G
2022-02-11;08:00:00;1009.8;G
2022-02-11;09:00:00;1010.5;G
2022-02-11;10:00:00;1011.4;G
2022-02-11;11:00:00;1012.4;G
2022-02-11;12:00:00;1012.7;G
2022-02-11;13:00:00;1013.3;G
2022-02-11;14:00:00;1013.9;G
2022-02-11;15:00:00;1014.9;G
2022-02-11;16:00:00;1015.6;G
2022-02-11;17:00:00;1016.2;G
2022-02-11;18:00:00;1016.8;G
2022-02-11;19:00:00;1017.4;G
2022-02-11;20:00:00;1017.7;G
2022-02-11;21:00:00;1017.6;G
2022-02-11;22:00:00;1017.5;G
2022-02-11;23:00:00;1017.3;G
2022-02-12;00:00:00;1017.0;G
2022-02-12;01:00:00;1016.4;G
2022-02-12;02:00:00;1016.0;G
2022-02-12;03:00:00;1015.7;G
2022-02-12;04:00:00;1015.7;G
2022-02-12;05:00:00;1015.3;G
2022-02-12;06:00:00;1015.1;G
2022-02-12;07:00:00;1015.4;G
2022-02-12;08:00:00;1015.5;G
2022-02-12;09:00:00;1015.4;G
2022-02-12;10:00:00;1015.6;G
2022-02-12;11:00:00;1015.5;G
2022-02-12;12:00:00;1015.2;G
2022-02-12;13:00:00;1015.0;G
2022-02-12;14:00:00;1014.8;G
2022-02-12;15:00:00;1014.4;G
2022-02-12;16:00:00;1014.2;G
2022-02-12;17:00:00;1013.7;G
2022-02-12;18:00:00;1013.5;G
2022-02-12;19:00:00;1012.9;G
2022-02-12;20:00:00;1012.2;G
2022-02-12;21:00:00;1012.0;G
2022-02-12;22:00:00;1011.4;G
2022-02-12;23:00:00;1010.8;G
2022-02-13;00:00:00;1009.8;G
2022-02-13;01:00:00;1008.9;G
2022-02-13;02:00:00;1007.8;G
2022-02-13;03:00:00;1006.9;G
2022-02-13;04:00:00;1006.0;G
2022-02-13;05:00:00;1005.0;G
2022-02-13;06:00:00;1004.3;G
2022-02-13;07:00:00;1003.9;G
2022-02-13;08:00:00;1003.4;G
2022-02-13;09:00:00;1003.1;G
2022-02-13;10:00:00;1002.5;G
2022-02-13;11:00:00;1002.1;G
2022-02-13;12:00:00;1001.8;G
2022-02-13;13:00:00;1001.4;G
2022-02-13;14:00:00;1000.9;G
2022-02-13;15:00:00;1000.8;G
2022-02-13;16:00:00;1000.8;G
2022-02-13;17:00:00;1000.7;G
2022-02-13;18:00:00;1000.5;G
2022-02-13;19:00:00;1000.7;G
2022-02-13;20:00:00;1000.6;G
2022-02-13;21:00:00;1000.6;G
2022-02-13;22:00:00;1000.5;G
2022-02-13;23:00:00;1000.8;G
2022-02-14;00:00:00;1000.7;G
2022-02-14;01:00:00;1000.3;G
2022-02-14;02:00:00;999.0;G
2022-02-14;03:00:00;999.4;G
2022-02-14;04:00:00;998.6;G
2022-02-14;05:00:00;998.5;G
2022-02-14;06:00:00;997.8;G
2022-02-14;07:00:00;998.0;G
2022-02-14;08:00:00;997.2;G
2022-02-14;09:00:00;996.9;G
2022-02-14;10:00:00;996.7;G
2022-02-14;11:00:00;996.7;G
2022-02-14;12:00:00;996.8;G
2022-02-14;13:00:00;996.7;G
2022-02-14;14:00:00;996.9;G
2022-02-14;15:00:00;997.1;G
2022-02-14;16:00:00;997.3;G
2022-02-14;17:00:00;997.3;G
2022-02-14;18:00:00;997.5;G
2022-02-14;19:00:00;997.7;G
2022-02-14;20:00:00;997.6;G
2022-02-14;21:00:00;997.8;G
2022-02-14;22:00:00;998.0;G
2022-02-14;23:00:00;998.3;G
2022-02-15;00:00:00;998.3;G
2022-02-15;01:00:00;998.5;G
2022-02-15;02:00:00;998.4;G
2022-02-15;03:00:00;998.3;G
2022-02-15;04:00:00;998.2;G
2022-02-15;05:00:00;998.2;G
2022-02-15;06:00:00;998.0;G
2022-02-15;07:00:00;997.9;G
2022-02-15;08:00:00;997.5;G
2022-02-15;09:00:00;996.9;G
2022-02-15;10:00:00;995.9;G
2022-02-15;11:00:00;995.4;G
2022-02-15;12:00:00;995.3;G
2022-02-15;13:00:00;995.2;G
2022-02-15;14:00:00;995.2;G
2022-02-15;15:00:00;995.4;G
2022-02-15;16:00:00;995.9;G
2022-02-15;17:00:00;996.7;G
2022-02-15;18:00:00;997.0;G
2022-02-15;19:00:00;997.1;G
2022-02-15;20:00:00;997.5;G
2022-02-15;21:00:00;997.7;G
2022-02-15;22:00:00;997.8;G
2022-02-15;23:00:00;997.6;G
2022-02-16;00:00:00;997.3;G
2022-02-16;01:00:00;996.9;G
2022-02-16;02:00:00;996.0;G
2022-02-16;03:00:00;994.4;G
2022-02-16;04:00:00;992.8;G
2022-02-16;05:00:00;991.5;G
2022-02-16;06:00:00;990.1;G
2022-02-16;07:00:00;988.9;G
2022-02-16;08:00:00;988.1;G
2022-02-16;09:00:00;987.8;G
2022-02-16;10:00:00;987.7;G
2022-02-16;11:00:00;987.4;G
2022-02-16;12:00:00;986.7;G
2022-02-16;13:00:00;985.9;G
2022-02-16;14:00:00;985.1;G
2022-02-16;15:00:00;984.4;G
2022-02-16;16:00:00;983.6;G
2022-02-16;17:00:00;982.9;G
2022-02-16;18:00:00;981.5;G
2022-02-16;19:00:00;979.7;G
2022-02-16;20:00:00;978.0;G
2022-02-16;21:00:00;976.2;G
2022-02-16;22:00:00;974.6;G
2022-02-16;23:00:00;973.1;G
2022-02-17;00:00:00;971.6;G
2022-02-17;01:00:00;970.5;G
2022-02-17;02:00:00;969.3;G
2022-02-17;03:00:00;968.5;G
2022-02-17;04:00:00;967.5;G
2022-02-17;05:00:00;967.0;G
2022-02-17;06:00:00;967.2;G
2022-02-17;07:00:00;967.4;G
2022-02-17;08:00:00;968.3;G
2022-02-17;09:00:00;968.8;G
2022-02-17;10:00:00;969.7;G
2022-02-17;11:00:00;970.9;G
2022-02-17;12:00:00;972.3;G
2022-02-17;13:00:00;973.6;G
2022-02-17;14:00:00;974.4;G
2022-02-17;15:00:00;975.4;G
2022-02-17;16:00:00;976.2;G
2022-02-17;17:00:00;976.5;G
2022-02-17;18:00:00;976.9;G
2022-02-17;19:00:00;977.6;G
2022-02-17;20:00:00;978.1;G
2022-02-17;21:00:00;978.8;G
2022-02-17;22:00:00;979.5;G
2022-02-17;23:00:00;980.1;G
2022-02-18;00:00:00;980.8;G
2022-02-18;01:00:00;981.3;G
2022-02-18;02:00:00;982.0;G
2022-02-18;03:00:00;982.4;G
2022-02-18;04:00:00;982.7;G
2022-02-18;05:00:00;983.2;G
2022-02-18;06:00:00;983.7;G
2022-02-18;07:00:00;984.2;G
2022-02-18;08:00:00;984.7;G
2022-02-18;09:00:00;985.2;G
2022-02-18;10:00:00;985.7;G
2022-02-18;11:00:00;986.0;G
2022-02-18;12:00:00;986.3;G
2022-02-18;13:00:00;986.3;G
2022-02-18;14:00:00;986.4;G
2022-02-18;15:00:00;985.9;G
2022-02-18;16:00:00;985.4;G
2022-02-18;17:00:00;984.9;G
2022-02-18;18:00:00;984.1;G
2022-02-18;19:00:00;983.1;G
2022-02-18;20:00:00;982.0;G
2022-02-18;21:00:00;981.1;G
2022-02-18;22:00:00;979.7;G
2022-02-18;23:00:00;978.0;G
2022-02-19;00:00:00;977.2;G
2022-02-19;01:00:00;976.0;G
2022-02-19;02:00:00;975.1;G
2022-02-19;03:00:00;974.5;G
2022-02-19;04:00:00;974.7;G
2022-02-19;05:00:00;975.2;G
2022-02-19;06:00:00;976.2;G
2022-02-19;07:00:00;977.4;G
2022-02-19;08:00:00;978.8;G
2022-02-19;09:00:00;980.7;G
2022-02-19;10:00:00;982.8;G
2022-02-19;11:00:00;984.7;G
2022-02-19;12:00:00;986.5;G
2022-02-19;13:00:00;988.2;G
2022-02-19;14:00:00;989.5;G
2022-02-19;15:00:00;990.6;G
2022-02-19;16:00:00;991.9;G
2022-02-19;17:00:00;992.5;G
2022-02-19;18:00:00;993.1;G
2022-02-19;19:00:00;993.5;G
2022-02-19;20:00:00;993.6;G
2022-02-19;21:00:00;993.7;G
2022-02-19;22:00:00;994.0;G
2022-02-19;23:00:00;993.8;G
2022-02-20;00:00:00;993.8;G
2022-02-20;01:00:00;993.3;G
2022-02-20;02:00:00;993.1;G
2022-02-20;03:00:00;992.8;G
2022-02-20;04:00:00;992.5;G
2022-02-20;05:00:00;992.8;G
2022-02-20;06:00:00;992.9;G
2022-02-20;07:00:00;993.4;G
2022-02-20;08:00:00;993.8;G
2022-02-20;09:00:00;993.9;G
2022-02-20;10:00:00;994.2;G
2022-02-20;11:00:00;994.1;G
2022-02-20;12:00:00;993.9;G
2022-02-20;13:00:00;993.6;G
2022-02-20;14:00:00;993.4;G
2022-02-20;15:00:00;992.7;G
2022-02-20;16:00:00;992.3;G
2022-02-20;17:00:00;991.8;G
2022-02-20;18:00:00;991.0;G
2022-02-20;19:00:00;990.3;G
2022-02-20;20:00:00;989.4;G
2022-02-20;21:00:00;988.0;G
2022-02-20;22:00:00;986.6;G
2022-02-20;23:00:00;985.1;G
2022-02-21;00:00:00;983.5;G
2022-02-21;01:00:00;981.6;G
2022-02-21;02:00:00;979.3;G
2022-02-21;03:00:00;977.0;G
2022-02-21;04:00:00;974.7;G
2022-02-21;05:00:00;972.7;G
2022-02-21;06:00:00;971.0;G
2022-02-21;07:00:00;969.4;G
2022-02-21;08:00:00;968.0;G
2022-02-21;09:00:00;967.0;G
2022-02-21;10:00:00;966.1;G
2022-02-21;11:00:00;965.8;G
2022-02-21;12:00:00;966.0;G
2022-02-21;13:00:00;966.5;G
2022-02-21;14:00:00;967.2;G
2022-02-21;15:00:00;968.7;G
2022-02-21;16:00:00;970.4;G
2022-02-21;17:00:00;972.4;G
2022-02-21;18:00:00;974.2;G
2022-02-21;19:00:00;976.4;G
2022-02-21;20:00:00;978.8;G
2022-02-21;21:00:00;981.0;G
2022-02-21;22:00:00;983.2;G
2022-02-21;23:00:00;985.2;G
2022-02-22;00:00:00;987.1;G
2022-02-22;01:00:00;989.1;G
2022-02-22;02:00:00;991.2;G
2022-02-22;03:00:00;992.8;G
2022-02-22;04:00:00;994.6;G
2022-02-22;05:00:00;995.8;G
2022-02-22;06:00:00;996.9;G
2022-02-22;07:00:00;998.5;G
2022-02-22;08:00:00;999.7;G
2022-02-22;09:00:00;1000.8;G
2022-02-22;10:00:00;1001.9;G
2022-02-22;11:00:00;1002.5;G
2022-02-22;12:00:00;1002.5;G
2022-02-22;13:00:00;1003.2;G
2022-02-22;14:00:00;1003.7;G
2022-02-22;15:00:00;1003.8;G
2022-02-22;16:00:00;1004.0;G
2022-02-22;17:00:00;1004.5;G
2022-02-22;18:00:00;1004.6;G
2022-02-22;19:00:00;1004.5;G
2022-02-22;20:00:00;1004.3;G
2022-02-22;21:00:00;1004.2;G
2022-02-22;22:00:00;1004.3;G
2022-02-22;23:00:00;1004.3;G
2022-02-23;00:00:00;1004.3;G
2022-02-23;01:00:00;1004.0;G
2022-02-23;02:00:00;1003.8;G
2022-02-23;03:00:00;1003.6;G
2022-02-23;04:00:00;1003.9;G
2022-02-23;05:00:00;1004.6;G
2022-02-23;06:00:00;1005.0;G
2022-02-23;07:00:00;1005.5;G
2022-02-23;08:00:00;1006.4;G
2022-02-23;09:00:00;1007.0;G
2022-02-23;10:00:00;1007.5;G
2022-02-23;11:00:00;1007.9;G
2022-02-23;12:00:00;1008.1;G
2022-02-23;13:00:00;1008.6;G
2022-02-23;14:00:00;1008.4;G
2022-02-23;15:00:00;1009.1;G
2022-02-23;16:00:00;1009.2;G
2022-02-23;17:00:00;1009.0;G
2022-02-23;18:00:00;1008.5;G
2022-02-23;19:00:00;1008.0;G
2022-02-23;20:00:00;1007.1;G
2022-02-23;21:00:00;1006.0;G
2022-02-23;22:00:00;1005.2;G
2022-02-23;23:00:00;1004.2;G
2022-02-24;00:00:00;1002.7;G
2022-02-24;01:00:00;1002.3;G
2022-02-24;02:00:00;1001.3;G
2022-02-24;03:00:00;1000.0;G
2022-02-24;04:00:00;999.0;G
2022-02-24;05:00:00;998.9;G
2022-02-24;06:00:00;998.2;G
2022-02-24;07:00:00;998.2;G
2022-02-24;08:00:00;998.6;G
2022-02-24;09:00:00;998.7;G
2022-02-24;10:00:00;999.0;G
2022-02-24;11:00:00;999.2;G
2022-02-24;12:00:00;998.9;G
2022-02-24;13:00:00;998.3;G
2022-02-24;14:00:00;998.2;G
2022-02-24;15:00:00;997.7;G
2022-02-24;16:00:00;996.9;G
2022-02-24;17:00:00;996.8;G
2022-02-24;18:00:00;996.6;G
2022-02-24;19:00:00;995.8;G
2022-02-24;20:00:00;995.1;G
2022-02-24;21:00:00;994.5;G
2022-02-24;22:00:00;993.8;G
2022-02-24;23:00:00;992.9;G
2022-02-25;00:00:00;992.3;G
2022-02-25;01:00:00;991.9;G
2022-02-25;02:00:00;991.3;G
2022-02-25;03:00:00;991.5;G
2022-02-25;04:00:00;991.3;G
2022-02-25;05:00:00;991.4;G
2022-02-25;06:00:00;992.1;G
2022-02-25;07:00:00;993.2;G
2022-02-25;08:00:00;994.1;G
2022-02-25;09:00:00;995.2;G
2022-02-25;10:00:00;996.2;G
2022-02-25;11:00:00;997.1;G
2022-02-25;12:00:00;998.1;G
2022-02-25;13:00:00;999.2;G
2022-02-25;14:00:00;1000.6;G
2022-02-25;15:00:00;1002.1;G
2022-02-25;16:00:00;1003.7;G
2022-02-25;17:00:00;1005.6;G
2022-02-25;18:00:00;1007.4;G
2022-02-25;19:00:00;1009.1;G
2022-02-25;20:00:00;1010.8;G
2022-02-25;21:00:00;1012.4;G
2022-02-25;22:00:00;1014.3;G
2022-02-25;23:00:00;1016.1;G
2022-02-26;00:00:00;1017.5;G
2022-02-26;01:00:00;1019.3;G
2022-02-26;02:00:00;1020.9;G
2022-02-26;03:00:00;1022.1;G
2022-02-26;04:00:00;1023.4;G
2022-02-26;05:00:00;1024.9;G
2022-02-26;06:00:00;1026.6;G
2022-02-26;07:00:00;1028.0;G
2022-02-26;08:00:00;1029.1;G
2022-02-26;09:00:00;1030.4;G
2022-02-26;10:00:00;1031.2;G
2022-02-26;11:00:00;1032.0;G
2022-02-26;12:00:00;1032.5;G
2022-02-26;13:00:00;1033.1;G
2022-02-26;14:00:00;1033.0;G
2022-02-26;15:00:00;1033.3;G
2022-02-26;16:00:00;1033.7;G
2022-02-26;17:00:00;1034.0;G
2022-02-26;18:00:00;1034.3;G
2022-02-26;19:00:00;1034.7;G
2022-02-26;20:00:00;1034.9;G
2022-02-26;21:00:00;1034.9;G
2022-02-26;22:00:00;1035.2;G
2022-02-26;23:00:00;1034.9;G
2022-02-27;00:00:00;1034.7;G
2022-02-27;01:00:00;1034.6;G
2022-02-27;02:00:00;1034.7;G
2022-02-27;03:00:00;1034.5;G
2022-02-27;04:00:00;1034.4;G
2022-02-27;05:00:00;1034.5;G
2022-02-27;06:00:00;1034.7;G
2022-02-27;07:00:00;1034.7;G
2022-02-27;08:00:00;1035.0;G
2022-02-27;09:00:00;1034.9;G
2022-02-27;10:00:00;1034.9;G
2022-02-27;11:00:00;1034.6;G
2022-02-27;12:00:00;1034.3;G
2022-02-27;13:00:00;1034.1;G
2022-02-27;14:00:00;1034.0;G
2022-02-27;15:00:00;1034.1;G
2022-02-27;16:00:00;1034.0;G
2022-02-27;17:00:00;1034.2;G
2022-02-27;18:00:00;1034.5;G
2022-02-27;19:00:00;1034.3;G
2022-02-27;20:00:00;1033.6;G
2022-02-27;21:00:00;1033.3;G
2022-02-27;22:00:00;1033.4;G
2022-02-27;23:00:00;1033.6;G
2022-02-28;00:00:00;1033.4;G
2022-02-28;01:00:00;1033.9;G
2022-02-28;02:00:00;1033.8;G
2022-02-28;03:00:00;1033.8;G
2022-02-28;04:00:00;1033.8;G
2022-02-28;05:00:00;1033.6;G
2022-02-28;06:00:00;1033.4;G
2022-02-28;07:00:00;1033.6;G
2022-02-28;08:00:00;1033.9;G
2022-02-28;09:00:00;1034.0;G
2022-02-28;10:00:00;1034.2;G
2022-02-28;11:00:00;1034.2;G
2022-02-28;12:00:00;1034.1;G
2022-02-28;13:00:00;1033.6;G
2022-02-28;14:00:00;1033.1;G
2022-02-28;15:00:00;1032.6;G
2022-02-28;16:00:00;1032.3;G
2022-02-28;17:00:00;1032.1;G
2022-02-28;18:00:00;1031.9;G
2022-02-28;19:00:00;1031.9;G
2022-02-28;20:00:00;1031.8;G
2022-02-28;21:00:00;1031.4;G
2022-02-28;22:00:00;1031.2;G
2022-02-28;23:00:00;1031.2;G
2022-03-01;00:00:00;1030.8;G
2022-03-01;01:00:00;1030.4;G
2022-03-01;02:00:00;1030.0;G
2022-03-01;03:00:00;1029.5;G
2022-03-01;04:00:00;1029.3;G
2022-03-01;05:00:00;1028.9;G
2022-03-01;06:00:00;1028.9;G
2022-03-01;07:00:00;1029.0;G
2022-03-01;08:00:00;1028.5;G
2022-03-01;09:00:00;1028.1;G
2022-03-01;10:00:00;1027.8;G
2022-03-01;11:00:00;1027.7;G
2022-03-01;12:00:00;1027.3;G
2022-03-01;13:00:00;1027.1;G
2022-03-01;14:00:00;1026.7;G
2022-03-01;15:00:00;1026.6;G
2022-03-01;16:00:00;1026.3;G
2022-03-01;17:00:00;1026.0;G
2022-03-01;18:00:00;1026.2;G
2022-03-01;19:00:00;1026.1;G
2022-03-01;20:00:00;1026.1;G
2022-03-01;21:00:00;1026.1;G
2022-03-01;22:00:00;1025.9;G
2022-03-01;23:00:00;1026.0;G
2022-03-02;00:00:00;1025.8;G
2022-03-02;01:00:00;1025.2;G
2022-03-02;02:00:00;1024.6;G
2022-03-02;03:00:00;1024.2;G
2022-03-02;04:00:00;1023.8;G
2022-03-02;05:00:00;1023.5;G
2022-03-02;06:00:00;1023.3;G
2022-03-02;07:00:00;1023.3;G
2022-03-02;08:00:00;1023.4;G
2022-03-02;09:00:00;1023.2;G
2022-03-02;10:00:00;1022.9;G
2022-03-02;11:00:00;1022.4;G
2022-03-02;12:00:00;1021.8;G
2022-03-02;13:00:00;1021.4;G
2022-03-02;14:00:00;1020.9;G
2022-03-02;15:00:00;1020.7;G
2022-03-02;16:00:00;1020.9;G
2022-03-02;17:00:00;1021.1;G
2022-03-02;18:00:00;1021.0;G
2022-03-02;19:00:00;1021.2;G
2022-03-02;20:00:00;1021.3;G
2022-03-02;21:00:00;1021.1;G
2022-03-02;22:00:00;1021.1;G
2022-03-02;23:00:00;1020.9;G
2022-03-03;00:00:00;1021.1;G
2022-03-03;01:00:00;1021.3;G
2022-03-03;02:00:00;1021.3;G
2022-03-03;03:00:00;1021.2;G
2022-03-03;04:00:00;1021.1;G
2022-03-03;05:00:00;1021.3;G
2022-03-03;06:00:00;1021.5;G
2022-03-03;07:00:00;1022.0;G
2022-03-03;08:00:00;1022.3;G
2022-03-03;09:00:00;1022.6;G
2022-03-03;10:00:00;1022.7;G
2022-03-03;11:00:00;1022.9;G
2022-03-03;12:00:00;1023.1;G
2022-03-03;13:00:00;1023.4;G
2022-03-03;14:00:00;1023.7;G
2022-03-03;15:00:00;1023.9;G
2022-03-03;16:00:00;1024.2;G
2022-03-03;17:00:00;1024.4;G
2022-03-03;18:00:00;1024.8;G
2022-03-03;19:00:00;1025.1;G
2022-03-03;20:00:00;1025.7;G
2022-03-03;21:00:00;1025.9;G
2022-03-03;22:00:00;1026.0;G
2022-03-03;23:00:00;1026.4;G
2022-03-04;00:00:00;1026.7;G
2022-03-04;01:00:00;1027.0;G
2022-03-04;02:00:00;1027.1;G
2022-03-04;03:00:00;1027.0;G
2022-03-04;04:00:00;1027.2;G
2022-03-04;05:00:00;1027.8;G
2022-03-04;06:00:00;1028.1;G
2022-03-04;07:00:00;1028.9;G
2022-03-04;08:00:00;1029.2;G
2022-03-04;09:00:00;1029.5;G
2022-03-04;10:00:00;1029.5;G
2022-03-04;11:00:00;1029.1;G
2022-03-04;12:00:00;1028.9;G
2022-03-04;13:00:00;1028.7;G
2022-03-04;14:00:00;1028.4;G
2022-03-04;15:00:00;1028.3;G
2022-03-04;16:00:00;1028.2;G
2022-03-04;17:00:00;1028.1;G
2022-03-04;18:00:00;1028.2;G
2022-03-04;19:00:00;1028.1;G
2022-03-04;20:00:00;1028.1;G
2022-03-04;21:00:00;1027.9;G
2022-03-04;22:00:00;1028.0;G
2022-03-04;23:00:00;1027.9;G
2022-03-05;00:00:00;1027.7;G
2022-03-05;01:00:00;1027.4;G
2022-03-05;02:00:00;1027.2;G
2022-03-05;03:00:00;1026.8;G
2022-03-05;04:00:00;1026.7;G
2022-03-05;05:00:00;1026.6;G
2022-03-05;06:00:00;1026.6;G
2022-03-05;07:00:00;1026.5;G
2022-03-05;08:00:00;1026.4;G
2022-03-05;09:00:00;1025.7;G
2022-03-05;10:00:00;1025.4;G
2022-03-05;11:00:00;1024.8;G
2022-03-05;12:00:00;1024.2;G
2022-03-05;13:00:00;1023.5;G
2022-03-05;14:00:00;1023.1;G
2022-03-05;15:00:00;1022.6;G
2022-03-05;16:00:00;1022.1;G
2022-03-05;17:00:00;1021.6;G
2022-03-05;18:00:00;1021.7;G
2022-03-05;19:00:00;1021.6;G
2022-03-05;20:00:00;1021.6;G
2022-03-05;21:00:00;1021.3;G
2022-03-05;22:00:00;1021.2;G
2022-03-05;23:00:00;1021.2;G
2022-03-06;00:00:00;1021.1;G
2022-03-06;01:00:00;1020.9;G
2022-03-06;02:00:00;1020.7;G
2022-03-06;03:00:00;1020.8;G
2022-03-06;04:00:00;1020.9;G
2022-03-06;05:00:00;1020.9;G
2022-03-06;06:00:00;1021.1;G
2022-03-06;07:00:00;1021.1;G
2022-03-06;08:00:00;1021.0;G
2022-03-06;09:00:00;1021.2;G
2022-03-06;10:00:00;1020.9;G
2022-03-06;11:00:00;1020.4;G
2022-03-06;12:00:00;1020.3;G
2022-03-06;13:00:00;1019.8;G
2022-03-06;14:00:00;1019.6;G
2022-03-06;15:00:00;1019.6;G
2022-03-06;16:00:00;1019.1;G
2022-03-06;17:00:00;1019.1;G
2022-03-06;18:00:00;1018.9;G
2022-03-06;19:00:00;1018.9;G
2022-03-06;20:00:00;1018.9;G
2022-03-06;21:00:00;1019.1;G
2022-03-07;06:00:00;1021.7;G
2022-03-07;07:00:00;1022.0;G
2022-03-07;08:00:00;1022.5;G
2022-03-07;09:00:00;1022.3;G
2022-03-07;10:00:00;1022.6;G
2022-03-07;11:00:00;1022.3;G
2022-03-07;12:00:00;1022.0;G
2022-03-07;13:00:00;1022.1;G
2022-03-07;14:00:00;1021.7;G
2022-03-07;15:00:00;1021.9;G
2022-03-07;16:00:00;1022.1;G
2022-03-07;17:00:00;1022.0;G
2022-03-07;18:00:00;1022.3;G
2022-03-07;19:00:00;1022.1;G
2022-03-07;20:00:00;1022.2;G
2022-03-07;21:00:00;1022.5;G
2022-03-07;22:00:00;1022.0;G
2022-03-07;23:00:00;1022.3;G
2022-03-08;00:00:00;1022.1;G
2022-03-08;01:00:00;1022.1;G
2022-03-08;02:00:00;1022.0;G
2022-03-08;03:00:00;1021.7;G
2022-03-08;04:00:00;1021.9;G
2022-03-08;05:00:00;1022.2;G
2022-03-08;06:00:00;1021.9;G
2022-03-08;07:00:00;1022.0;G
2022-03-08;08:00:00;1022.4;G
2022-03-08;09:00:00;1022.2;G
2022-03-08;10:00:00;1022.2;G
2022-03-08;11:00:00;1022.2;G
2022-03-08;12:00:00;1021.9;G
2022-03-08;13:00:00;1021.8;G
2022-03-08;14:00:00;1021.9;G
2022-03-08;15:00:00;1021.7;G
2022-03-08;16:00:00;1021.9;G
2022-03-08;17:00:00;1022.4;G
2022-03-08;18:00:00;1023.0;G
2022-03-08;19:00:00;1023.3;G
2022-03-08;20:00:00;1023.6;G
2022-03-08;21:00:00;1024.0;G
2022-03-08;22:00:00;1024.4;G
2022-03-08;23:00:00;1024.5;G
2022-03-09;00:00:00;1024.7;G
2022-03-09;01:00:00;1024.9;G
2022-03-09;02:00:00;1025.0;G
2022-03-09;03:00:00;1025.2;G
2022-03-09;04:00:00;1025.8;G
2022-03-09;05:00:00;1026.3;G
2022-03-09;06:00:00;1027.0;G
2022-03-09;07:00:00;1027.5;G
2022-03-09;08:00:00;1028.0;G
2022-03-09;09:00:00;1028.2;G
2022-03-09;10:00:00;1028.7;G
2022-03-09;11:00:00;1029.0;G
2022-03-09;12:00:00;1029.3;G
2022-03-09;13:00:00;1029.8;G
2022-03-09;14:00:00;1030.3;G
2022-03-09;15:00:00;1030.7;G
2022-03-09;16:00:00;1030.9;G
2022-03-09;17:00:00;1031.4;G
2022-03-09;18:00:00;1032.0;G
2022-03-09;19:00:00;1032.3;G
2022-03-09;20:00:00;1032.5;G
2022-03-09;21:00:00;1033.1;G
2022-03-09;22:00:00;1033.4;G
2022-03-09;23:00:00;1033.8;G
2022-03-10;00:00:00;1034.3;G
2022-03-10;01:00:00;1034.9;G
2022-03-10;02:00:00;1034.7;G
2022-03-10;03:00:00;1034.5;G
2022-03-10;04:00:00;1034.6;G
2022-03-10;05:00:00;1034.8;G
2022-03-10;06:00:00;1034.9;G
2022-03-10;07:00:00;1035.4;G
2022-03-10;08:00:00;1035.4;G
2022-03-10;09:00:00;1035.2;G
2022-03-10;10:00:00;1035.3;G
2022-03-10;11:00:00;1035.4;G
2022-03-10;12:00:00;1035.3;G
2022-03-10;13:00:00;1035.4;G
2022-03-10;14:00:00;1034.7;G
2022-03-10;15:00:00;1034.7;G
2022-03-10;16:00:00;1034.1;G
2022-03-10;17:00:00;1034.3;G
2022-03-10;18:00:00;1034.3;G
2022-03-10;19:00:00;1034.0;G
2022-03-10;20:00:00;1034.0;G
2022-03-10;21:00:00;1033.6;G
2022-03-10;22:00:00;1033.6;G
2022-03-10;23:00:00;1033.5;G
2022-03-11;00:00:00;1033.3;G
2022-03-11;01:00:00;1033.2;G
2022-03-11;02:00:00;1033.2;G
2022-03-11;03:00:00;1033.4;G
2022-03-11;04:00:00;1033.0;G
2022-03-11;05:00:00;1033.1;G
2022-03-11;06:00:00;1033.1;G
2022-03-11;07:00:00;1033.1;G
2022-03-11;08:00:00;1033.1;G
2022-03-11;09:00:00;1032.9;G
2022-03-11;10:00:00;1032.8;G
2022-03-11;11:00:00;1032.3;G
2022-03-11;12:00:00;1031.8;G
2022-03-11;13:00:00;1031.2;G
2022-03-11;14:00:00;1030.8;G
2022-03-11;15:00:00;1030.4;G
2022-03-11;16:00:00;1030.1;G
2022-03-11;17:00:00;1030.2;G
2022-03-11;18:00:00;1030.1;G
2022-03-11;19:00:00;1030.3;G
2022-03-11;20:00:00;1030.4;G
2022-03-11;21:00:00;1030.3;G
2022-03-11;22:00:00;1030.3;G
2022-03-11;23:00:00;1030.1;G
2022-03-12;00:00:00;1030.1;G
2022-03-12;01:00:00;1030.0;G
2022-03-12;02:00:00;1029.6;G
2022-03-12;03:00:00;1029.3;G
2022-03-12;04:00:00;1029.2;G
2022-03-12;05:00:00;1029.2;G
2022-03-12;06:00:00;1029.5;G
2022-03-12;07:00:00;1029.6;G
2022-03-12;08:00:00;1029.7;G
2022-03-12;09:00:00;1029.6;G
2022-03-12;10:00:00;1029.7;G
2022-03-12;11:00:00;1029.4;G
2022-03-12;12:00:00;1029.1;G
2022-03-12;13:00:00;1028.6;G
2022-03-12;14:00:00;1028.4;G
2022-03-12;15:00:00;1028.2;G
2022-03-12;16:00:00;1028.0;G
2022-03-12;17:00:00;1028.0;G
2022-03-12;18:00:00;1028.1;G
2022-03-12;19:00:00;1028.1;G
2022-03-12;20:00:00;1028.0;G
2022-03-12;21:00:00;1028.1;G
2022-03-12;22:00:00;1028.2;G
2022-03-12;23:00:00;1028.3;G
2022-03-13;00:00:00;1028.4;G
2022-03-13;01:00:00;1028.4;G
2022-03-13;02:00:00;1028.2;G
2022-03-13;03:00:00;1028.1;G
2022-03-13;04:00:00;1028.2;G
2022-03-13;05:00:00;1028.3;G
2022-03-13;06:00:00;1028.5;G
2022-03-13;07:00:00;1028.9;G
2022-03-13;08:00:00;1029.4;G
2022-03-13;09:00:00;1029.6;G
2022-03-13;10:00:00;1029.5;G
2022-03-13;11:00:00;1029.6;G
2022-03-13;12:00:00;1029.3;G
2022-03-13;13:00:00;1029.1;G
2022-03-13;14:00:00;1029.0;G
2022-03-13;15:00:00;1029.1;G
2022-03-13;16:00:00;1029.2;G
2022-03-13;17:00:00;1029.6;G
2022-03-13;18:00:00;1029.8;G
2022-03-13;19:00:00;1029.9;G
2022-03-13;20:00:00;1030.2;G
2022-03-13;21:00:00;1030.4;G
2022-03-13;22:00:00;1030.5;G
2022-03-13;23:00:00;1030.4;G
2022-03-14;00:00:00;1030.8;G
2022-03-14;01:00:00;1030.9;G
2022-03-14;02:00:00;1031.1;G
2022-03-14;03:00:00;1031.2;G
2022-03-14;04:00:00;1031.6;G
2022-03-14;05:00:00;1031.7;G
2022-03-14;06:00:00;1031.6;G
2022-03-14;07:00:00;1031.6;G
2022-03-14;08:00:00;1031.7;G
2022-03-14;09:00:00;1031.4;G
2022-03-14;10:00:00;1031.5;G
2022-03-14;11:00:00;1031.2;G
2022-03-14;12:00:00;1031.1;G
2022-03-14;13:00:00;1030.8;G
2022-03-14;14:00:00;1030.3;G
2022-03-14;15:00:00;1030.2;G
2022-03-14;16:00:00;1030.3;G
2022-03-14;17:00:00;1030.2;G
2022-03-14;18:00:00;1030.4;G
2022-03-14;19:00:00;1030.5;G
2022-03-14;20:00:00;1030.8;G
2022-03-14;21:00:00;1030.6;G
2022-03-14;22:00:00;1030.3;G
2022-03-14;23:00:00;1030.1;G
2022-03-15;00:00:00;1029.8;G
2022-03-15;01:00:00;1029.9;G
2022-03-15;02:00:00;1029.8;G
2022-03-15;03:00:00;1029.5;G
2022-03-15;04:00:00;1029.4;G
2022-03-15;05:00:00;1029.1;G
2022-03-15;06:00:00;1028.9;G
2022-03-15;07:00:00;1028.9;G
2022-03-15;08:00:00;1028.4;G
2022-03-15;09:00:00;1028.4;G
2022-03-15;10:00:00;1028.2;G
2022-03-15;11:00:00;1027.6;G
2022-03-15;12:00:00;1027.1;G
2022-03-15;13:00:00;1026.7;G
2022-03-15;14:00:00;1026.5;G
2022-03-15;15:00:00;1026.1;G
2022-03-15;16:00:00;1026.1;G
2022-03-15;17:00:00;1026.3;G
2022-03-15;18:00:00;1026.5;G
2022-03-15;19:00:00;1026.7;G
2022-03-15;20:00:00;1026.6;G
2022-03-15;21:00:00;1026.8;G
2022-03-15;22:00:00;1026.9;G
2022-03-15;23:00:00;1027.1;G
2022-03-16;00:00:00;1027.1;G
2022-03-16;01:00:00;1027.4;G
2022-03-16;02:00:00;1027.5;G
2022-03-16;03:00:00;1027.8;G
2022-03-16;04:00:00;1028.1;G
2022-03-16;05:00:00;1028.6;G
2022-03-16;06:00:00;1029.2;G
2022-03-16;07:00:00;1029.8;G
2022-03-16;08:00:00;1030.2;G
2022-03-16;09:00:00;1030.5;G
2022-03-16;10:00:00;1030.8;G
2022-03-16;11:00:00;1031.2;G
2022-03-16;12:00:00;1031.3;G
2022-03-16;13:00:00;1031.5;G
2022-03-16;14:00:00;1031.8;G
2022-03-16;15:00:00;1032.0;G
2022-03-16;16:00:00;1032.2;G
2022-03-16;17:00:00;1032.5;G
2022-03-16;18:00:00;1032.9;G
2022-03-16;19:00:00;1033.2;G
2022-03-16;20:00:00;1033.6;G
2022-03-16;21:00:00;1034.1;G
2022-03-16;22:00:00;1034.5;G
2022-03-16;23:00:00;1034.4;G
2022-03-17;00:00:00;1034.8;G
2022-03-17;01:00:00;1034.8;G
2022-03-17;02:00:00;1034.8;G
2022-03-17;03:00:00;1035.0;G
2022-03-17;04:00:00;1034.8;G
2022-03-17;05:00:00;1035.1;G
2022-03-17;06:00:00;1035.5;G
2022-03-17;07:00:00;1035.4;G
2022-03-17;08:00:00;1035.5;G
2022-03-17;09:00:00;1035.3;G
2022-03-17;10:00:00;1035.1;G
2022-03-17;11:00:00;1034.7;G
2022-03-17;12:00:00;1034.4;G
2022-03-17;13:00:00;1034.2;G
2022-03-17;14:00:00;1034.0;G
2022-03-17;15:00:00;1033.6;G
2022-03-17;16:00:00;1033.2;G
2022-03-17;17:00:00;1033.2;G
2022-03-17;18:00:00;1032.9;G
2022-03-17;19:00:00;1032.7;G
2022-03-17;20:00:00;1032.6;G
2022-03-17;21:00:00;1032.2;G
2022-03-17;22:00:00;1031.7;G
2022-03-17;23:00:00;1031.6;G
2022-03-18;00:00:00;1031.2;G
2022-03-18;01:00:00;1031.0;G
2022-03-18;02:00:00;1031.0;G
2022-03-18;03:00:00;1030.9;G
2022-03-18;04:00:00;1031.3;G
2022-03-18;05:00:00;1031.7;G
2022-03-18;06:00:00;1032.3;G
2022-03-18;07:00:00;1032.8;G
2022-03-18;08:00:00;1033.5;G
2022-03-18;09:00:00;1034.2;G
2022-03-18;10:00:00;1034.5;G
2022-03-18;11:00:00;1034.8;G
2022-03-18;12:00:00;1035.4;G
2022-03-18;13:00:00;1035.7;G
2022-03-18;14:00:00;1036.4;G
2022-03-18;15:00:00;1037.3;G
2022-03-18;16:00:00;1038.5;G
2022-03-18;17:00:00;1039.7;G
2022-03-18;18:00:00;1041.0;G
2022-03-18;19:00:00;1042.4;G
2022-03-18;20:00:00;1043.4;G
2022-03-18;21:00:00;1044.4;G
2022-03-18;22:00:00;1045.0;G
2022-03-18;23:00:00;1045.6;G
2022-03-19;00:00:00;1046.3;G
2022-03-19;01:00:00;1047.0;G
2022-03-19;02:00:00;1047.3;G
2022-03-19;03:00:00;1047.6;G
2022-03-19;04:00:00;1048.1;G
2022-03-19;05:00:00;1048.5;G
2022-03-19;06:00:00;1048.6;G
2022-03-19;07:00:00;1048.9;G
2022-03-19;08:00:00;1049.0;G
2022-03-19;09:00:00;1048.8;G
2022-03-19;10:00:00;1048.6;G
2022-03-19;11:00:00;1048.4;G
2022-03-19;12:00:00;1047.6;G
2022-03-19;13:00:00;1046.8;G
2022-03-19;14:00:00;1046.7;G
2022-03-19;15:00:00;1046.3;G
2022-03-19;16:00:00;1046.0;G
2022-03-19;17:00:00;1046.2;G
2022-03-19;18:00:00;1046.4;G
2022-03-19;19:00:00;1046.6;G
2022-03-19;20:00:00;1046.6;G
2022-03-19;21:00:00;1046.6;G
2022-03-19;22:00:00;1046.6;G
2022-03-19;23:00:00;1046.5;G
2022-03-20;00:00:00;1046.4;G
2022-03-20;01:00:00;1046.0;G
2022-03-20;02:00:00;1045.8;G
2022-03-20;03:00:00;1045.8;G
2022-03-20;04:00:00;1046.0;G
2022-03-20;05:00:00;1046.2;G
2022-03-20;06:00:00;1046.3;G
2022-03-20;07:00:00;1046.6;G
2022-03-20;08:00:00;1046.6;G
2022-03-20;09:00:00;1046.4;G
2022-03-20;10:00:00;1046.2;G
2022-03-20;11:00:00;1045.8;G
2022-03-20;12:00:00;1045.3;G
2022-03-20;13:00:00;1044.6;G
2022-03-20;14:00:00;1043.9;G
2022-03-20;15:00:00;1043.3;G
2022-03-20;16:00:00;1043.1;G
2022-03-20;17:00:00;1042.9;G
2022-03-20;18:00:00;1042.9;G
2022-03-20;19:00:00;1042.8;G
2022-03-20;20:00:00;1042.9;G
2022-03-20;21:00:00;1042.9;G
2022-03-20;22:00:00;1042.8;G
2022-03-20;23:00:00;1042.8;G
2022-03-21;00:00:00;1042.6;G
2022-03-21;01:00:00;1042.2;G
2022-03-21;02:00:00;1041.9;G
2022-03-21;03:00:00;1041.7;G
2022-03-21;04:00:00;1041.6;G
2022-03-21;05:00:00;1041.6;G
2022-03-21;06:00:00;1041.6;G
2022-03-21;07:00:00;1041.7;G
2022-03-21;08:00:00;1041.8;G
2022-03-21;09:00:00;1041.7;G
2022-03-21;10:00:00;1041.6;G
2022-03-21;11:00:00;1041.2;G
2022-03-21;12:00:00;1040.7;G
2022-03-21;13:00:00;1039.9;G
2022-03-21;14:00:00;1039.4;G
2022-03-21;15:00:00;1038.9;G
2022-03-21;16:00:00;1038.5;G
2022-03-21;17:00:00;1038.3;G
2022-03-21;18:00:00;1038.0;G
2022-03-21;19:00:00;1038.0;G
2022-03-21;20:00:00;1038.0;G
2022-03-21;21:00:00;1038.0;G
2022-03-21;22:00:00;1037.9;G
2022-03-21;23:00:00;1037.8;G
2022-03-22;00:00:00;1037.5;G
2022-03-22;01:00:00;1037.1;G
2022-03-22;02:00:00;1036.8;G
2022-03-22;03:00:00;1036.4;G
2022-03-22;04:00:00;1036.2;G
2022-03-22;05:00:00;1036.0;G
2022-03-22;06:00:00;1035.8;G
2022-03-22;07:00:00;1035.6;G
2022-03-22;08:00:00;1035.2;G
2022-03-22;09:00:00;1034.8;G
2022-03-22;10:00:00;1034.0;G
2022-03-22;11:00:00;1033.3;G
2022-03-22;12:00:00;1032.5;G
2022-03-22;13:00:00;1031.7;G
2022-03-22;14:00:00;1031.0;G
2022-03-22;15:00:00;1030.5;G
2022-03-22;16:00:00;1030.2;G
2022-03-22;17:00:00;1030.2;G
2022-03-22;18:00:00;1030.4;G
2022-03-22;19:00:00;1030.4;G
2022-03-22;20:00:00;1030.3;G
2022-03-22;21:00:00;1030.1;G
2022-03-22;22:00:00;1029.9;G
2022-03-22;23:00:00;1029.7;G
2022-03-23;00:00:00;1029.4;G
2022-03-23;01:00:00;1029.2;G
2022-03-23;02:00:00;1028.9;G
2022-03-23;03:00:00;1028.7;G
2022-03-23;04:00:00;1028.9;G
2022-03-23;05:00:00;1029.0;G
2022-03-23;06:00:00;1029.2;G
2022-03-23;07:00:00;1029.4;G
2022-03-23;08:00:00;1029.2;G
2022-03-23;09:00:00;1029.1;G
2022-03-23;10:00:00;1029.0;G
2022-03-23;11:00:00;1028.6;G
2022-03-23;12:00:00;1028.2;G
2022-03-23;13:00:00;1027.7;G
2022-03-23;14:00:00;1027.2;G
2022-03-23;15:00:00;1026.8;G
2022-03-23;16:00:00;1026.6;G
2022-03-23;17:00:00;1026.7;G
2022-03-23;18:00:00;1026.7;G
2022-03-23;19:00:00;1026.7;G
2022-03-23;20:00:00;1026.5;G
2022-03-23;21:00:00;1026.5;G
2022-03-23;22:00:00;1026.4;G
2022-03-23;23:00:00;1026.0;G
2022-03-24;00:00:00;1025.6;G
2022-03-24;01:00:00;1025.1;G
2022-03-24;02:00:00;1024.8;G
2022-03-24;03:00:00;1024.5;G
2022-03-24;04:00:00;1024.4;G
2022-03-24;05:00:00;1024.0;G
2022-03-24;06:00:00;1023.9;G
2022-03-24;07:00:00;1024.0;G
2022-03-24;08:00:00;1023.7;G
2022-03-24;09:00:00;1023.7;G
2022-03-24;10:00:00;1023.3;G
2022-03-24;11:00:00;1023.1;G
2022-03-24;12:00:00;1022.8;G
2022-03-24;13:00:00;1022.4;G
2022-03-24;14:00:00;1022.1;G
2022-03-24;15:00:00;1021.7;G
2022-03-24;16:00:00;1021.7;G
2022-03-24;17:00:00;1021.7;G
2022-03-24;18:00:00;1021.6;G
2022-03-24;19:00:00;1021.7;G
2022-03-24;20:00:00;1021.6;G
2022-03-24;21:00:00;1021.5;G
2022-03-24;22:00:00;1021.6;G
2022-03-24;23:00:00;1021.2;G
2022-03-25;00:00:00;1020.5;G
2022-03-25;01:00:00;1020.1;G
2022-03-25;02:00:00;1019.7;G
2022-03-25;03:00:00;1019.1;G
2022-03-25;04:00:00;1018.5;G
2022-03-25;05:00:00;1018.5;G
2022-03-25;06:00:00;1017.9;G
2022-03-25;07:00:00;1017.4;G
2022-03-25;08:00:00;1017.1;G
2022-03-25;09:00:00;1016.7;G
2022-03-25;10:00:00;1016.2;G
2022-03-25;11:00:00;1015.4;G
2022-03-25;12:00:00;1015.1;G
2022-03-25;13:00:00;1014.5;G
2022-03-25;14:00:00;1014.3;G
2022-03-25;15:00:00;1013.7;G
2022-03-25;16:00:00;1013.0;G
2022-03-25;17:00:00;1012.3;G
2022-03-25;18:00:00;1011.9;G
2022-03-25;19:00:00;1011.4;G
2022-03-25;20:00:00;1011.2;G
2022-03-25;21:00:00;1010.8;G
2022-03-25;22:00:00;1011.0;G
2022-03-25;23:00:00;1011.2;G
2022-03-26;00:00:00;1012.4;G
2022-03-26;01:00:00;1013.1;G
2022-03-26;02:00:00;1014.0;G
2022-03-26;03:00:00;1014.6;G
2022-03-26;04:00:00;1015.0;G
2022-03-26;05:00:00;1015.6;G
2022-03-26;06:00:00;1016.5;G
2022-03-26;07:00:00;1017.3;G
2022-03-26;08:00:00;1018.4;G
2022-03-26;09:00:00;1019.3;G
2022-03-26;10:00:00;1020.2;G
2022-03-26;11:00:00;1021.6;G
2022-03-26;12:00:00;1022.4;G
2022-03-26;13:00:00;1023.2;G
2022-03-26;14:00:00;1024.4;G
2022-03-26;15:00:00;1025.4;G
2022-03-26;16:00:00;1026.6;G
2022-03-26;17:00:00;1027.8;G
2022-03-26;18:00:00;1028.9;G
2022-03-26;19:00:00;1029.6;G
2022-03-26;20:00:00;1029.8;G
2022-03-26;21:00:00;1030.2;G
2022-03-26;22:00:00;1030.8;G
2022-03-26;23:00:00;1030.6;G
2022-03-27;00:00:00;1030.7;G
2022-03-27;01:00:00;1030.5;G
2022-03-27;02:00:00;1029.8;G
2022-03-27;03:00:00;1029.4;G
2022-03-27;04:00:00;1028.8;G
2022-03-27;05:00:00;1028.5;G
2022-03-27;06:00:00;1027.9;G
2022-03-27;07:00:00;1027.1;G
2022-03-27;08:00:00;1026.7;G
2022-03-27;09:00:00;1025.3;G
2022-03-27;10:00:00;1024.2;G
2022-03-27;11:00:00;1022.5;G
2022-03-27;12:00:00;1020.6;G
2022-03-27;13:00:00;1019.3;G
2022-03-27;14:00:00;1018.2;G
2022-03-27;15:00:00;1017.0;G
2022-03-27;16:00:00;1015.5;G
2022-03-27;17:00:00;1014.1;G
2022-03-27;18:00:00;1013.3;G
2022-03-27;19:00:00;1011.9;G
2022-03-27;20:00:00;1010.9;G
2022-03-27;21:00:00;1009.7;G
2022-03-27;22:00:00;1008.6;G
2022-03-27;23:00:00;1007.5;G
2022-03-28;00:00:00;1006.6;G
2022-03-28;01:00:00;1005.7;G
2022-03-28;02:00:00;1004.4;G
2022-03-28;03:00:00;1003.7;G
2022-03-28;04:00:00;1002.8;G
2022-03-28;05:00:00;1002.1;G
2022-03-28;06:00:00;1001.8;G
2022-03-28;07:00:00;1001.3;G
2022-03-28;08:00:00;1000.8;G
2022-03-28;09:00:00;1000.6;G
2022-03-28;10:00:00;1000.1;G
2022-03-28;11:00:00;999.8;G
2022-03-28;12:00:00;999.7;G
2022-03-28;13:00:00;999.7;G
2022-03-28;14:00:00;999.7;G
2022-03-28;15:00:00;1000.7;G
2022-03-28;16:00:00;1001.5;G
2022-03-28;17:00:00;1002.0;G
2022-03-28;18:00:00;1002.6;G
2022-03-28;19:00:00;1003.6;G
2022-03-28;20:00:00;1004.7;G
2022-03-28;21:00:00;1005.2;G
2022-03-28;22:00:00;1005.8;G
2022-03-28;23:00:00;1006.1;G
2022-03-29;00:00:00;1006.3;G
2022-03-29;01:00:00;1006.4;G
2022-03-29;02:00:00;1006.2;G
2022-03-29;03:00:00;1006.2;G
2022-03-29;04:00:00;1006.6;G
2022-03-29;05:00:00;1006.8;G
2022-03-29;06:00:00;1007.1;G
2022-03-29;07:00:00;1007.7;G
2022-03-29;08:00:00;1008.1;G
2022-03-29;09:00:00;1008.1;G
2022-03-29;10:00:00;1008.2;G
2022-03-29;11:00:00;1008.7;G
2022-03-29;12:00:00;1008.7;G
2022-03-29;13:00:00;1008.5;G
2022-03-29;14:00:00;1008.5;G
2022-03-29;15:00:00;1008.5;G
2022-03-29;16:00:00;1008.4;G
2022-03-29;17:00:00;1008.6;G
2022-03-29;18:00:00;1008.7;G
2022-03-29;19:00:00;1008.9;G
2022-03-29;20:00:00;1008.9;G
2022-03-29;21:00:00;1008.8;G
2022-03-29;22:00:00;1008.7;G
2022-03-29;23:00:00;1008.7;G
2022-03-30;00:00:00;1008.6;G
2022-03-30;01:00:00;1008.4;G
2022-03-30;02:00:00;1008.2;G
2022-03-30;03:00:00;1007.7;G
2022-03-30;04:00:00;1007.4;G
2022-03-30;05:00:00;1007.3;G
2022-03-30;06:00:00;1007.5;G
2022-03-30;07:00:00;1007.4;G
2022-03-30;08:00:00;1007.5;G
2022-03-30;09:00:00;1007.3;G
2022-03-30;10:00:00;1007.2;G
2022-03-30;11:00:00;1007.2;G
2022-03-30;12:00:00;1006.8;G
2022-03-30;13:00:00;1006.7;G
2022-03-30;14:00:00;1006.8;G
2022-03-30;15:00:00;1007.0;G
2022-03-30;16:00:00;1007.4;G
2022-03-30;17:00:00;1007.6;G
2022-03-30;18:00:00;1007.9;G
2022-03-30;19:00:00;1008.2;G
2022-03-30;20:00:00;1008.7;G
2022-03-30;21:00:00;1008.8;G
2022-03-30;22:00:00;1008.8;G
2022-03-30;23:00:00;1009.1;G
2022-03-31;00:00:00;1009.2;G
2022-03-31;01:00:00;1009.4;G
2022-03-31;02:00:00;1009.4;G
2022-03-31;03:00:00;1009.5;G
2022-03-31;04:00:00;1009.7;G
2022-03-31;05:00:00;1010.0;G
2022-03-31;06:00:00;1010.2;G
2022-03-31;07:00:00;1010.6;G
2022-03-31;08:00:00;1010.8;G
2022-03-31;09:00:00;1011.1;G
2022-03-31;10:00:00;1011.3;G
2022-03-31;11:00:00;1011.4;G
2022-03-31;12:00:00;1011.5;G
2022-03-31;13:00:00;1011.9;G
2022-03-31;14:00:00;1012.1;G
2022-03-31;15:00:00;1012.2;G
2022-03-31;16:00:00;1012.6;G
2022-03-31;17:00:00;1013.0;G
2022-03-31;18:00:00;1013.8;G
2022-03-31;19:00:00;1014.3;G
2022-03-31;20:00:00;1014.7;G
2022-03-31;21:00:00;1015.0;G
2022-03-31;22:00:00;1015.4;G
2022-03-31;23:00:00;1015.7;G
2022-04-01;00:00:00;1015.9;G
2022-04-01;01:00:00;1016.1;G
2022-04-01;02:00:00;1016.3;G
2022-04-01;03:00:00;1016.4;G
2022-04-01;04:00:00;1016.7;G
2022-04-01;05:00:00;1017.2;G
2022-04-01;06:00:00;1017.7;G
2022-04-01;07:00:00;1017.9;G
2022-04-01;08:00:00;1018.1;G
2022-04-01;09:00:00;1018.3;G
2022-04-01;10:00:00;1018.8;G
2022-04-01;11:00:00;1018.8;G
2022-04-01;12:00:00;1018.5;G
2022-04-01;13:00:00;1018.4;G
2022-04-01;14:00:00;1018.1;G
2022-04-01;15:00:00;1018.1;G
2022-04-01;16:00:00;1018.0;G
2022-04-01;17:00:00;1018.3;G
2022-04-01;18:00:00;1018.7;G
2022-04-01;19:00:00;1019.0;G
2022-04-01;20:00:00;1019.3;G
2022-04-01;21:00:00;1019.4;G
2022-04-01;22:00:00;1019.5;G
2022-04-01;23:00:00;1019.3;G
2022-04-02;00:00:00;1019.1;G
2022-04-02;01:00:00;1018.8;G
2022-04-02;02:00:00;1018.8;G
2022-04-02;03:00:00;1018.6;G
2022-04-02;04:00:00;1018.7;G
2022-04-02;05:00:00;1018.5;G
2022-04-02;06:00:00;1018.5;G
2022-04-02;07:00:00;1018.5;G
2022-04-02;08:00:00;1018.2;G
2022-04-02;09:00:00;1018.0;G
2022-04-02;10:00:00;1017.5;G
2022-04-02;11:00:00;1016.7;G
2022-04-02;12:00:00;1016.3;G
2022-04-02;13:00:00;1015.7;G
2022-04-02;14:00:00;1015.0;G
2022-04-02;15:00:00;1014.3;G
2022-04-02;16:00:00;1013.6;G
2022-04-02;17:00:00;1013.4;G
2022-04-02;18:00:00;1013.5;G
2022-04-02;19:00:00;1013.2;G
2022-04-02;20:00:00;1012.8;G
2022-04-02;21:00:00;1012.5;G
2022-04-02;22:00:00;1012.4;G
2022-04-02;23:00:00;1012.0;G
2022-04-03;00:00:00;1011.7;G
2022-04-03;01:00:00;1011.3;G
2022-04-03;02:00:00;1010.9;G
2022-04-03;03:00:00;1010.6;G
2022-04-03;04:00:00;1010.3;G
2022-04-03;05:00:00;1010.0;G
2022-04-03;06:00:00;1009.9;G
2022-04-03;07:00:00;1009.5;G
2022-04-03;08:00:00;1009.2;G
2022-04-03;09:00:00;1008.5;G
2022-04-03;10:00:00;1007.8;G
2022-04-03;11:00:00;1007.1;G
2022-04-03;12:00:00;1006.3;G
2022-04-03;13:00:00;1005.5;G
2022-04-03;14:00:00;1004.6;G
2022-04-03;15:00:00;1003.6;G
2022-04-03;16:00:00;1003.0;G
2022-04-03;17:00:00;1002.4;G
2022-04-03;18:00:00;1002.0;G
2022-04-03;19:00:00;1001.5;G
2022-04-03;20:00:00;1000.6;G
2022-04-03;21:00:00;999.6;G
2022-04-03;22:00:00;998.9;G
2022-04-03;23:00:00;998.1;G
2022-04-04;00:00:00;997.0;G
2022-04-04;01:00:00;996.0;G
2022-04-04;02:00:00;994.9;G
2022-04-04;03:00:00;993.7;G
2022-04-04;04:00:00;992.7;G
2022-04-04;05:00:00;991.6;G
2022-04-04;06:00:00;990.8;G
2022-04-04;07:00:00;989.9;G
2022-04-04;08:00:00;989.0;G
2022-04-04;09:00:00;988.2;G
2022-04-04;10:00:00;987.0;G
2022-04-04;11:00:00;985.9;G
2022-04-04;12:00:00;984.6;G
2022-04-04;13:00:00;983.4;G
2022-04-04;14:00:00;981.9;G
2022-04-04;15:00:00;980.6;G
2022-04-04;16:00:00;979.3;G
2022-04-04;17:00:00;978.1;G
2022-04-04;18:00:00;977.1;G
2022-04-04;19:00:00;976.3;G
2022-04-04;20:00:00;975.9;G
2022-04-04;21:00:00;975.9;G
2022-04-04;22:00:00;976.3;G
2022-04-04;23:00:00;977.0;G
2022-04-05;00:00:00;977.7;G
2022-04-05;01:00:00;978.5;G
2022-04-05;02:00:00;979.3;G
2022-04-05;03:00:00;980.2;G
2022-04-05;04:00:00;981.3;G
2022-04-05;05:00:00;982.5;G
2022-04-05;06:00:00;983.5;G
2022-04-05;07:00:00;984.5;G
2022-04-05;08:00:00;985.4;G
2022-04-05;09:00:00;986.0;G
2022-04-05;10:00:00;987.0;G
2022-04-05;11:00:00;987.6;G
2022-04-05;12:00:00;987.9;G
2022-04-05;13:00:00;988.2;G
2022-04-05;14:00:00;988.0;G
2022-04-05;15:00:00;988.1;G
2022-04-05;16:00:00;988.4;G
2022-04-05;17:00:00;988.7;G
2022-04-05;18:00:00;988.9;G
2022-04-05;19:00:00;989.4;G
2022-04-05;20:00:00;989.3;G
2022-04-05;21:00:00;989.3;G
2022-04-05;22:00:00;989.5;G
2022-04-05;23:00:00;989.7;G
2022-04-06;00:00:00;989.7;G
2022-04-06;01:00:00;989.7;G
2022-04-06;02:00:00;990.0;G
2022-04-06;03:00:00;990.1;G
2022-04-06;04:00:00;990.4;G
2022-04-06;05:00:00;990.8;G
2022-04-06;06:00:00;991.0;G
2022-04-06;07:00:00;991.2;G
2022-04-06;08:00:00;991.2;G
2022-04-06;09:00:00;991.3;G
2022-04-06;10:00:00;991.1;G
2022-04-06;11:00:00;990.7;G
2022-04-06;12:00:00;990.5;G
2022-04-06;13:00:00;990.4;G
2022-04-06;14:00:00;990.1;G
2022-04-06;15:00:00;989.4;G
2022-04-06;16:00:00;989.0;G
2022-04-06;17:00:00;989.0;G
2022-04-06;18:00:00;988.8;G
2022-04-06;19:00:00;988.6;G
2022-04-06;20:00:00;988.3;G
2022-04-06;21:00:00;987.8;G
2022-04-06;22:00:00;987.6;G
2022-04-06;23:00:00;986.8;G
2022-04-07;00:00:00;986.6;G
2022-04-07;01:00:00;986.1;G
2022-04-07;02:00:00;985.5;G
2022-04-07;03:00:00;985.0;G
2022-04-07;04:00:00;984.8;G
2022-04-07;05:00:00;984.6;G
2022-04-07;06:00:00;984.4;G
2022-04-07;07:00:00;984.2;G
2022-04-07;08:00:00;984.0;G
2022-04-07;09:00:00;983.8;G
2022-04-07;10:00:00;983.4;G
2022-04-07;11:00:00;982.7;G
2022-04-07;12:00:00;982.3;G
2022-04-07;13:00:00;981.7;G
2022-04-07;14:00:00;980.8;G
2022-04-07;15:00:00;979.5;G
2022-04-07;16:00:00;978.1;G
2022-04-07;17:00:00;976.9;G
2022-04-07;18:00:00;974.6;G
2022-04-07;19:00:00;972.7;G
2022-04-07;20:00:00;970.0;G
2022-04-07;21:00:00;968.2;G
2022-04-07;22:00:00;967.5;G
2022-04-07;23:00:00;967.2;G
2022-04-08;00:00:00;967.2;G
2022-04-08;01:00:00;967.2;G
2022-04-08;02:00:00;967.3;G
2022-04-08;03:00:00;967.0;G
2022-04-08;04:00:00;966.4;G
2022-04-08;05:00:00;966.2;G
2022-04-08;06:00:00;966.4;G
2022-04-08;07:00:00;966.8;G
2022-04-08;08:00:00;967.1;G
2022-04-08;09:00:00;967.7;G
2022-04-08;10:00:00;968.0;G
2022-04-08;11:00:00;969.5;G
2022-04-08;12:00:00;970.9;G
2022-04-08;13:00:00;972.1;G
2022-04-08;14:00:00;973.0;G
2022-04-08;15:00:00;973.8;G
2022-04-08;16:00:00;974.6;G
2022-04-08;17:00:00;975.0;G
2022-04-08;18:00:00;975.8;G
2022-04-08;19:00:00;976.6;G
2022-04-08;20:00:00;977.2;G
2022-04-08;21:00:00;977.8;G
2022-04-08;22:00:00;977.9;G
2022-04-08;23:00:00;978.2;G
2022-04-09;00:00:00;978.4;G
2022-04-09;01:00:00;978.8;G
2022-04-09;02:00:00;979.1;G
2022-04-09;03:00:00;979.3;G
2022-04-09;04:00:00;979.3;G
2022-04-09;05:00:00;979.6;G
2022-04-09;06:00:00;979.8;G
2022-04-09;07:00:00;980.0;G
2022-04-09;08:00:00;980.4;G
2022-04-09;09:00:00;981.1;G
2022-04-09;10:00:00;981.6;G
2022-04-09;11:00:00;982.1;G
2022-04-09;12:00:00;983.0;G
2022-04-09;13:00:00;983.6;G
2022-04-09;14:00:00;984.5;G
2022-04-09;15:00:00;985.4;G
2022-04-09;16:00:00;986.1;G
2022-04-09;17:00:00;986.5;G
2022-04-09;18:00:00;987.3;G
2022-04-09;19:00:00;987.8;G
2022-04-09;20:00:00;988.2;G
2022-04-09;21:00:00;988.5;G
2022-04-09;22:00:00;988.8;G
2022-04-09;23:00:00;989.1;G
2022-04-10;00:00:00;989.5;G
2022-04-10;01:00:00;989.9;G
2022-04-10;02:00:00;990.3;G
2022-04-10;03:00:00;990.7;G
2022-04-10;04:00:00;991.1;G
2022-04-10;05:00:00;992.0;G
2022-04-10;06:00:00;993.0;G
2022-04-10;07:00:00;993.8;G
2022-04-10;08:00:00;994.6;G
2022-04-10;09:00:00;995.2;G
2022-04-10;10:00:00;996.0;G
2022-04-10;11:00:00;996.8;G
2022-04-10;12:00:00;997.5;G
2022-04-10;13:00:00;998.2;G
2022-04-10;14:00:00;998.8;G
2022-04-10;15:00:00;999.5;G
2022-04-10;16:00:00;1000.0;G
2022-04-10;17:00:00;1000.4;G
2022-04-10;18:00:00;1001.0;G
2022-04-10;19:00:00;1001.7;G
2022-04-10;20:00:00;1002.4;G
2022-04-10;21:00:00;1003.0;G
2022-04-10;22:00:00;1003.8;G
2022-04-10;23:00:00;1004.7;G
2022-04-11;00:00:00;1005.1;G
2022-04-11;01:00:00;1005.7;G
2022-04-11;02:00:00;1006.5;G
2022-04-11;03:00:00;1007.2;G
2022-04-11;04:00:00;1007.9;G
2022-04-11;05:00:00;1008.4;G
2022-04-11;06:00:00;1008.8;G
2022-04-11;07:00:00;1009.4;G
2022-04-11;08:00:00;1009.8;G
2022-04-11;09:00:00;1010.2;G
2022-04-11;10:00:00;1010.5;G
2022-04-11;11:00:00;1010.9;G
2022-04-11;12:00:00;1011.2;G
2022-04-11;13:00:00;1011.4;G
2022-04-11;14:00:00;1011.6;G
2022-04-11;15:00:00;1011.8;G
2022-04-11;16:00:00;1012.1;G
2022-04-11;17:00:00;1012.7;G
2022-04-11;18:00:00;1013.5;G
2022-04-11;19:00:00;1014.2;G
2022-04-11;20:00:00;1014.6;G
2022-04-12;06:00:00;1019.7;G
2022-04-12;07:00:00;1020.1;G
2022-04-12;08:00:00;1020.4;G
2022-04-12;09:00:00;1020.6;G
2022-04-12;10:00:00;1020.9;G
2022-04-12;11:00:00;1020.9;G
2022-04-12;12:00:00;1021.0;G
2022-04-12;13:00:00;1021.0;G
2022-04-12;14:00:00;1021.2;G
2022-04-12;15:00:00;1021.3;G
2022-04-12;16:00:00;1021.4;G
2022-04-12;17:00:00;1021.7;G
2022-04-12;18:00:00;1022.2;G
2022-04-12;19:00:00;1022.5;G
2022-04-12;20:00:00;1022.9;G
2022-04-12;21:00:00;1023.0;G
2022-04-12;22:00:00;1023.1;G
2022-04-12;23:00:00;1023.4;G
2022-04-13;00:00:00;1023.7;G
2022-04-13;01:00:00;1023.8;G
2022-04-13;02:00:00;1023.9;G
2022-04-13;03:00:00;1024.1;G
2022-04-13;04:00:00;1023.9;G
2022-04-13;05:00:00;1024.0;G
2022-04-13;06:00:00;1024.1;G
2022-04-13;07:00:00;1024.5;G
2022-04-13;08:00:00;1024.7;G
2022-04-13;09:00:00;1024.7;G
2022-04-13;10:00:00;1024.6;G
2022-04-13;11:00:00;1024.1;G
2022-04-13;12:00:00;1024.1;G
2022-04-13;13:00:00;1023.7;G
2022-04-13;14:00:00;1023.5;G
2022-04-13;15:00:00;1023.0;G
2022-04-13;16:00:00;1022.8;G
2022-04-13;17:00:00;1022.3;G
2022-04-13;18:00:00;1022.0;G
2022-04-13;19:00:00;1021.6;G
2022-04-13;20:00:00;1021.6;G
2022-04-13;21:00:00;1021.6;G
2022-04-13;22:00:00;1020.9;G
2022-04-13;23:00:00;1020.0;G
2022-04-14;00:00:00;1019.3;G
2022-04-14;01:00:00;1018.9;G
2022-04-14;02:00:00;1018.2;G
2022-04-14;03:00:00;1017.9;G
2022-04-14;04:00:00;1017.3;G
2022-04-14;05:00:00;1016.8;G
2022-04-14;06:00:00;1016.6;G
2022-04-14;07:00:00;1016.3;G
2022-04-14;08:00:00;1016.4;G
2022-04-14;09:00:00;1016.4;G
2022-04-14;10:00:00;1016.7;G
2022-04-14;11:00:00;1016.9;G
2022-04-14;12:00:00;1017.3;G
2022-04-14;13:00:00;1017.4;G
2022-04-14;14:00:00;1017.6;G
2022-04-14;15:00:00;1018.0;G
2022-04-14;16:00:00;1018.4;G
2022-04-14;17:00:00;1018.8;G
2022-04-14;18:00:00;1019.5;G
2022-04-14;19:00:00;1020.2;G
2022-04-14;20:00:00;1020.9;G
2022-04-14;21:00:00;1021.5;G
2022-04-14;22:00:00;1022.2;G
2022-04-14;23:00:00;1022.7;G
2022-04-15;00:00:00;1023.4;G
2022-04-15;01:00:00;1023.9;G
2022-04-15;02:00:00;1024.5;G
2022-04-15;03:00:00;1025.1;G
2022-04-15;04:00:00;1025.9;G
2022-04-15;05:00:00;1026.5;G
2022-04-15;06:00:00;1027.6;G
2022-04-15;07:00:00;1028.3;G
2022-04-15;08:00:00;1028.7;G
2022-04-15;09:00:00;1029.1;G
2022-04-15;10:00:00;1029.4;G
2022-04-15;11:00:00;1029.7;G
2022-04-15;12:00:00;1029.7;G
2022-04-15;13:00:00;1029.9;G
2022-04-15;14:00:00;1030.3;G
2022-04-15;15:00:00;1030.5;G
2022-04-15;16:00:00;1031.1;G
2022-04-15;17:00:00;1031.4;G
2022-04-15;18:00:00;1032.0;G
2022-04-15;19:00:00;1032.7;G
2022-04-15;20:00:00;1033.1;G
2022-04-15;21:00:00;1033.3;G
2022-04-15;22:00:00;1033.4;G
2022-04-15;23:00:00;1033.6;G
2022-04-16;00:00:00;1033.8;G
2022-04-16;01:00:00;1034.1;G
2022-04-16;02:00:00;1034.1;G
2022-04-16;03:00:00;1034.3;G
2022-04-16;04:00:00;1034.5;G
2022-04-16;05:00:00;1034.5;G
2022-04-16;06:00:00;1034.6;G
2022-04-16;07:00:00;1034.4;G
2022-04-16;08:00:00;1034.4;G
2022-04-16;09:00:00;1034.2;G
2022-04-16;10:00:00;1033.9;G
2022-04-16;11:00:00;1033.2;G
2022-04-16;12:00:00;1032.8;G
2022-04-16;13:00:00;1032.2;G
2022-04-16;14:00:00;1031.5;G
2022-04-16;15:00:00;1031.0;G
2022-04-16;16:00:00;1030.6;G
2022-04-16;17:00:00;1030.7;G
2022-04-16;18:00:00;1031.0;G
2022-04-16;19:00:00;1031.4;G
2022-04-16;20:00:00;1031.1;G
2022-04-16;21:00:00;1031.2;G
2022-04-16;22:00:00;1031.5;G
2022-04-16;23:00:00;1030.9;G
2022-04-17;00:00:00;1030.6;G
2022-04-17;01:00:00;1030.1;G
2022-04-17;02:00:00;1030.2;G
2022-04-17;03:00:00;1030.0;G
2022-04-17;04:00:00;1030.1;G
2022-04-17;05:00:00;1030.5;G
2022-04-17;06:00:00;1030.4;G
2022-04-17;07:00:00;1030.1;G
2022-04-17;08:00:00;1030.2;G
2022-04-17;09:00:00;1030.1;G
2022-04-17;10:00:00;1029.4;G
2022-04-17;11:00:00;1028.7;G
2022-04-17;12:00:00;1028.3;G
2022-04-17;13:00:00;1027.6;G
2022-04-17;14:00:00;1027.0;G
2022-04-17;15:00:00;1026.5;G
2022-04-17;16:00:00;1026.4;G
2022-04-17;17:00:00;1026.0;G
2022-04-17;18:00:00;1026.0;G
2022-04-17;19:00:00;1025.9;G
2022-04-17;20:00:00;1025.9;G
2022-04-17;21:00:00;1025.6;G
2022-04-17;22:00:00;1025.3;G
2022-04-17;23:00:00;1025.1;G
2022-04-18;00:00:00;1024.8;G
2022-04-18;01:00:00;1024.4;G
2022-04-18;02:00:00;1024.0;G
2022-04-18;03:00:00;1023.7;G
2022-04-18;04:00:00;1023.5;G
2022-04-18;05:00:00;1023.4;G
2022-04-18;06:00:00;1023.2;G
2022-04-18;07:00:00;1023.0;G
2022-04-18;08:00:00;1022.9;G
2022-04-18;09:00:00;1022.4;G
2022-04-18;10:00:00;1021.7;G
2022-04-18;11:00:00;1021.2;G
2022-04-18;12:00:00;1020.7;G
2022-04-18;13:00:00;1019.9;G
2022-04-18;14:00:00;1019.3;G
2022-04-18;15:00:00;1018.7;G
2022-04-18;16:00:00;1018.7;G
2022-04-18;17:00:00;1019.1;G
2022-04-18;18:00:00;1019.2;G
2022-04-18;19:00:00;1019.7;G
2022-04-18;20:00:00;1019.6;G
2022-04-18;21:00:00;1019.8;G
2022-04-18;22:00:00;1020.2;G
2022-04-18;23:00:00;1020.0;G
2022-04-19;00:00:00;1020.0;G
2022-04-19;01:00:00;1020.3;G
2022-04-19;02:00:00;1020.6;G
2022-04-19;03:00:00;1020.9;G
2022-04-19;04:00:00;1021.4;G
2022-04-19;05:00:00;1022.0;G
2022-04-19;06:00:00;1022.3;G
